{
  "default": {
    "rankedList": [
      {
        "rankedKeyword": [
          {
            "topic": {
              "mid": "/m/09g97p8",
              "title": "Valeurs actuelles",
              "type": "Magazine"
            },
            "value": 100,
            "formattedValue": "100",
            "link": "/"
          },
          {
            "topic": {
              "mid": "/m/0kwbn",
              "title": "Le Figaro",
              "type": "Sujet"
            },
            "value": 25,
            "formattedValue": "25",
            "link": "/"
          },
          {
            "topic": {
              "mid": "/m/07jj_2",
              "title": "Le Point",
              "type": "Magazine"
            },
            "value": 10,
            "formattedValue": "10",
            "link": "/"
          },
          {
            "topic": {
              "mid": "/m/0fqmlm",
              "title": "François Fillon",
              "type": "Ancien Ministre de l’Écologie, du Développement durable et de l’Énergie"
            },
            "value": 5,
            "formattedValue": "5",
            "link": "/"
          },
          {
            "topic": {
              "mid": "/m/0y64z",
              "title": "Le Monde",
              "type": "Journal"
            },
            "value": 5,
            "formattedValue": "5",
            "link": "/"
          },
          {
            "topic": {
              "mid": "/m/0gtvq61",
              "title": "Atlantico",
              "type": "Site internet"
            },
            "value": 5,
            "formattedValue": "5",
            "link": "/"
          },
          {
            "topic": {
              "mid": "/m/04s39x",
              "title": "L'Express",
              "type": "Magazine"
            },
            "value": 5,
            "formattedValue": "5",
            "link": "/"
          },
          {
            "topic": {
              "mid": "/m/085r29",
              "title": "Le Parisien",
              "type": "Journal quotidien"
            },
            "value": 5,
            "formattedValue": "5",
            "link": "/"
          },
          {
            "topic": {
              "mid": "/m/04zzst2",
              "title": "Le Journal du dimanche",
              "type": "Journal hebdomadaire"
            },
            "value": 5,
            "formattedValue": "5",
            "link": "/"
          },
          {
            "topic": {
              "mid": "/m/01nyyz",
              "title": "Sondage",
              "type": "Statistique"
            },
            "value": 5,
            "formattedValue": "5",
            "link": "/"
          },
          {
            "topic": {
              "mid": "/m/02_pts",
              "title": "L'Obs",
              "type": "Magazine"
            },
            "value": 5,
            "formattedValue": "5",
            "link": "/"
          },
          {
            "topic": {
              "mid": "/m/0261g9c",
              "title": "Marianne",
              "type": "Magazine"
            },
            "value": 5,
            "formattedValue": "5",
            "link": "/"
          },
          {
            "topic": {
              "mid": "/m/07y1fl",
              "title": "Les Échos",
              "type": "Quotidien d'information"
            },
            "value": 5,
            "formattedValue": "5",
            "link": "/"
          },
          {
            "topic": {
              "mid": "/m/01v4td",
              "title": "Libération",
              "type": "Journal"
            },
            "value": 5,
            "formattedValue": "5",
            "link": "/"
          },
          {
            "topic": {
              "mid": "/g/12dpwqk7v",
              "title": "Boulevard Voltaire",
              "type": "Site internet"
            },
            "value": 0,
            "formattedValue": "0",
            "link": "/"
          },
          {
            "topic": {
              "mid": "/m/02p83fk",
              "title": "20 minutes",
              "type": "France"
            },
            "value": 0,
            "formattedValue": "0",
            "link": "/"
          },
          {
            "topic": {
              "mid": "/m/06r8b",
              "title": "Laïcité",
              "type": "Sujet"
            },
            "value": 0,
            "formattedValue": "0",
            "link": "/"
          },
          {
            "topic": {
              "mid": "/m/051yzg",
              "title": "Paris Match",
              "type": "Magazine"
            },
            "value": 0,
            "formattedValue": "0",
            "link": "/"
          },
          {
            "topic": {
              "mid": "/m/0dkz0z",
              "title": "RT",
              "type": "Chaîne de télévision"
            },
            "value": 0,
            "formattedValue": "0",
            "link": "/"
          },
          {
            "topic": {
              "mid": "/m/0hrg82g",
              "title": "Mediapart",
              "type": "Site web"
            },
            "value": 0,
            "formattedValue": "0",
            "link": "/"
          },
          {
            "topic": {
              "mid": "/m/03mdy2g",
              "title": "La Tribune",
              "type": "France"
            },
            "value": 0,
            "formattedValue": "0",
            "link": "/"
          },
          {
            "topic": {
              "mid": "/m/03z54z",
              "title": "RTL",
              "type": "Station de radio"
            },
            "value": 0,
            "formattedValue": "0",
            "link": "/"
          },
          {
            "topic": {
              "mid": "/m/0234wl",
              "title": ".info",
              "type": "Domaine de premier niveau"
            },
            "value": 0,
            "formattedValue": "0",
            "link": "/"
          },
          {
            "topic": {
              "mid": "/m/04vpz4",
              "title": "Opinion",
              "type": "Sujet"
            },
            "value": 0,
            "formattedValue": "0",
            "link": "/"
          },
          {
            "topic": {
              "mid": "/m/0b3ff5",
              "title": "Christine Angot",
              "type": "Romancière"
            },
            "value": 0,
            "formattedValue": "0",
            "link": "/"
          }
        ]
      },
      {
        "rankedKeyword": [
          {
            "topic": {
              "mid": "/m/04vpz4",
              "title": "Opinion",
              "type": "Sujet"
            },
            "value": 16700,
            "formattedValue": "Record",
            "link": "/"
          },
          {
            "topic": {
              "mid": "/m/0b3ff5",
              "title": "Christine Angot",
              "type": "Romancière"
            },
            "value": 13250,
            "formattedValue": "Record",
            "link": "/"
          },
          {
            "topic": {
              "mid": "/m/01vfbv",
              "title": "Palais de l'Élysée",
              "type": "Résidence officielle à Paris, France"
            },
            "value": 11450,
            "formattedValue": "Record",
            "link": "/"
          },
          {
            "topic": {
              "mid": "/g/112ygbplc",
              "title": "Richard Ferrand",
              "type": "Secrétaire général d'En Marche !"
            },
            "value": 3300,
            "formattedValue": "+3 300 %",
            "link": "/"
          },
          {
            "topic": {
              "mid": "/m/0fqmlm",
              "title": "François Fillon",
              "type": "Ancien Ministre de l’Écologie, du Développement durable et de l’Énergie"
            },
            "value": 700,
            "formattedValue": "+700 %",
            "link": "/"
          },
          {
            "topic": {
              "mid": "/m/01nyyz",
              "title": "Sondage",
              "type": "Statistique"
            },
            "value": 350,
            "formattedValue": "+350 %",
            "link": "/"
          },
          {
            "topic": {
              "mid": "/m/0234wl",
              "title": ".info",
              "type": "Domaine de premier niveau"
            },
            "value": 200,
            "formattedValue": "+200 %",
            "link": "/"
          },
          {
            "topic": {
              "mid": "/m/06r8b",
              "title": "Laïcité",
              "type": "Sujet"
            },
            "value": 100,
            "formattedValue": "+100 %",
            "link": "/"
          },
          {
            "topic": {
              "mid": "/m/0kwbn",
              "title": "Le Figaro",
              "type": "Sujet"
            },
            "value": 100,
            "formattedValue": "+100 %",
            "link": "/"
          },
          {
            "topic": {
              "mid": "/m/03mdy2g",
              "title": "La Tribune",
              "type": "France"
            },
            "value": 100,
            "formattedValue": "+100 %",
            "link": "/"
          },
          {
            "topic": {
              "mid": "/m/02p83fk",
              "title": "20 minutes",
              "type": "France"
            },
            "value": 80,
            "formattedValue": "+80 %",
            "link": "/"
          },
          {
            "topic": {
              "mid": "/m/051yzg",
              "title": "Paris Match",
              "type": "Magazine"
            },
            "value": 70,
            "formattedValue": "+70 %",
            "link": "/"
          },
          {
            "topic": {
              "mid": "/m/03z54z",
              "title": "RTL",
              "type": "Station de radio"
            },
            "value": 70,
            "formattedValue": "+70 %",
            "link": "/"
          },
          {
            "topic": {
              "mid": "/m/0gtvq61",
              "title": "Atlantico",
              "type": "Site internet"
            },
            "value": 40,
            "formattedValue": "+40 %",
            "link": "/"
          },
          {
            "topic": {
              "mid": "/m/04s39x",
              "title": "L'Express",
              "type": "Magazine"
            },
            "value": 40,
            "formattedValue": "+40 %",
            "link": "/"
          },
          {
            "topic": {
              "mid": "/m/07y1fl",
              "title": "Les Échos",
              "type": "Quotidien d'information"
            },
            "value": 40,
            "formattedValue": "+40 %",
            "link": "/"
          }
        ]
      }
    ]
  },
  "keyword": "valeurs actuelles",
  "region": "France",
  "regionId": "FR"
}