{
  "default": {
    "rankedList": [
      {
        "rankedKeyword": [
          {
            "topic": {
              "mid": "/m/04zzm99",
              "title": "Jean-Luc Mélenchon",
              "type": "Homme politique"
            },
            "value": 100,
            "formattedValue": "100",
            "link": "/"
          },
          {
            "topic": {
              "mid": "/m/0hjvt",
              "title": "Holographie",
              "type": "Sujet"
            },
            "value": 15,
            "formattedValue": "15",
            "link": "/"
          },
          {
            "topic": {
              "mid": "/m/08nh8v",
              "title": "Trois dimensions",
              "type": "Sujet"
            },
            "value": 10,
            "formattedValue": "10",
            "link": "/"
          },
          {
            "topic": {
              "mid": "/m/05qjc",
              "title": "Spectacle vivant",
              "type": "Sujet"
            },
            "value": 10,
            "formattedValue": "10",
            "link": "/"
          },
          {
            "topic": {
              "mid": "/m/01nxn3m",
              "title": "Claude François",
              "type": "Chanteur"
            },
            "value": 5,
            "formattedValue": "5",
            "link": "/"
          },
          {
            "topic": {
              "mid": "/m/094nvd",
              "title": "Pyramide",
              "type": "Sujet"
            },
            "value": 5,
            "formattedValue": "5",
            "link": "/"
          },
          {
            "topic": {
              "mid": "/m/0169zh",
              "title": "Smartphone",
              "type": "Sujet"
            },
            "value": 5,
            "formattedValue": "5",
            "link": "/"
          },
          {
            "topic": {
              "mid": "/m/012hz4",
              "title": "Dalida",
              "type": "Chanteuse"
            },
            "value": 5,
            "formattedValue": "5",
            "link": "/"
          },
          {
            "topic": {
              "mid": "/m/016trz",
              "title": "Hit-parade",
              "type": "Sujet"
            },
            "value": 0,
            "formattedValue": "0",
            "link": "/"
          },
          {
            "topic": {
              "mid": "/m/06yxnb",
              "title": "Tube",
              "type": "Musique"
            },
            "value": 0,
            "formattedValue": "0",
            "link": "/"
          },
          {
            "topic": {
              "mid": "/m/07c1v",
              "title": "Technologie",
              "type": "Domaine d'étude"
            },
            "value": 0,
            "formattedValue": "0",
            "link": "/"
          },
          {
            "topic": {
              "mid": "/m/06mmr",
              "title": "Star Wars",
              "type": "Série de films"
            },
            "value": 0,
            "formattedValue": "0",
            "link": "/"
          },
          {
            "topic": {
              "mid": "/m/0gf28",
              "title": "Parodie",
              "type": "Genre littéraire"
            },
            "value": 0,
            "formattedValue": "0",
            "link": "/"
          },
          {
            "topic": {
              "mid": "/m/027yjq6",
              "title": "Mike Brant",
              "type": "Chanteur"
            },
            "value": 0,
            "formattedValue": "0",
            "link": "/"
          },
          {
            "topic": {
              "mid": "/g/120z6z21",
              "title": "Mathieu Gallet",
              "type": "Président-directeur général de Radio France"
            },
            "value": 0,
            "formattedValue": "0",
            "link": "/"
          }
        ]
      },
      {
        "rankedKeyword": [
          {
            "topic": {
              "mid": "/m/04zzm99",
              "title": "Jean-Luc Mélenchon",
              "type": "Homme politique"
            },
            "value": 1982900,
            "formattedValue": "Record",
            "link": "/"
          },
          {
            "topic": {
              "mid": "/m/0gf28",
              "title": "Parodie",
              "type": "Genre littéraire"
            },
            "value": 25600,
            "formattedValue": "Record",
            "link": "/"
          },
          {
            "topic": {
              "mid": "/g/120z6z21",
              "title": "Mathieu Gallet",
              "type": "Président-directeur général de Radio France"
            },
            "value": 18200,
            "formattedValue": "Record",
            "link": "/"
          },
          {
            "topic": {
              "mid": "/m/027yjq6",
              "title": "Mike Brant",
              "type": "Chanteur"
            },
            "value": 100,
            "formattedValue": "+100 %",
            "link": "/"
          },
          {
            "topic": {
              "mid": "/m/07c1v",
              "title": "Technologie",
              "type": "Domaine d'étude"
            },
            "value": 60,
            "formattedValue": "+60 %",
            "link": "/"
          },
          {
            "topic": {
              "mid": "/m/05qjc",
              "title": "Spectacle vivant",
              "type": "Sujet"
            },
            "value": 50,
            "formattedValue": "+50 %",
            "link": "/"
          }
        ]
      }
    ]
  },
  "keyword": "hologramme",
  "region": "France",
  "regionId": "FR"
}