{
  "default": {
    "rankedList": [
      {
        "rankedKeyword": [
          {
            "topic": {
              "mid": "/m/0gtvq61",
              "title": "Atlantico",
              "type": "Site internet"
            },
            "value": 100,
            "formattedValue": "100",
            "link": "/"
          },
          {
            "topic": {
              "mid": "/m/0kwbn",
              "title": "Le Figaro",
              "type": "Sujet"
            },
            "value": 15,
            "formattedValue": "15",
            "link": "/"
          },
          {
            "topic": {
              "mid": "/m/07jj_2",
              "title": "Le Point",
              "type": "Magazine"
            },
            "value": 10,
            "formattedValue": "10",
            "link": "/"
          },
          {
            "topic": {
              "mid": "/m/09g97p8",
              "title": "Valeurs actuelles",
              "type": "Magazine"
            },
            "value": 10,
            "formattedValue": "10",
            "link": "/"
          },
          {
            "topic": {
              "mid": "/m/0y64z",
              "title": "Le Monde",
              "type": "Journal"
            },
            "value": 5,
            "formattedValue": "5",
            "link": "/"
          },
          {
            "topic": {
              "mid": "/m/0fqmlm",
              "title": "François Fillon",
              "type": "Ancien Ministre de l’Écologie, du Développement durable et de l’Énergie"
            },
            "value": 5,
            "formattedValue": "5",
            "link": "/"
          },
          {
            "topic": {
              "mid": "/m/085r29",
              "title": "Le Parisien",
              "type": "Journal quotidien"
            },
            "value": 5,
            "formattedValue": "5",
            "link": "/"
          },
          {
            "topic": {
              "mid": "/m/04s39x",
              "title": "L'Express",
              "type": "Magazine"
            },
            "value": 5,
            "formattedValue": "5",
            "link": "/"
          },
          {
            "topic": {
              "mid": "/m/0261g9c",
              "title": "Marianne",
              "type": "Magazine"
            },
            "value": 5,
            "formattedValue": "5",
            "link": "/"
          },
          {
            "topic": {
              "mid": "/m/0hrg82g",
              "title": "Mediapart",
              "type": "Site web"
            },
            "value": 5,
            "formattedValue": "5",
            "link": "/"
          },
          {
            "topic": {
              "mid": "/m/01v4td",
              "title": "Libération",
              "type": "Journal"
            },
            "value": 5,
            "formattedValue": "5",
            "link": "/"
          },
          {
            "topic": {
              "mid": "/m/04zzst2",
              "title": "Le Journal du dimanche",
              "type": "Journal hebdomadaire"
            },
            "value": 5,
            "formattedValue": "5",
            "link": "/"
          },
          {
            "topic": {
              "mid": "/m/01nyyz",
              "title": "Sondage",
              "type": "Statistique"
            },
            "value": 5,
            "formattedValue": "5",
            "link": "/"
          },
          {
            "topic": {
              "mid": "/m/02_pts",
              "title": "L'Obs",
              "type": "Magazine"
            },
            "value": 5,
            "formattedValue": "5",
            "link": "/"
          },
          {
            "topic": {
              "mid": "/g/12dpwqk7v",
              "title": "Boulevard Voltaire",
              "type": "Site internet"
            },
            "value": 0,
            "formattedValue": "0",
            "link": "/"
          },
          {
            "topic": {
              "mid": "/m/026s38",
              "title": "Slate",
              "type": "Magazine"
            },
            "value": 0,
            "formattedValue": "0",
            "link": "/"
          },
          {
            "topic": {
              "mid": "/m/07y1fl",
              "title": "Les Échos",
              "type": "Quotidien d'information"
            },
            "value": 0,
            "formattedValue": "0",
            "link": "/"
          },
          {
            "topic": {
              "mid": "/m/02p83fk",
              "title": "20 minutes",
              "type": "France"
            },
            "value": 0,
            "formattedValue": "0",
            "link": "/"
          },
          {
            "topic": {
              "mid": "/g/1215vh1m",
              "title": "Le HuffPost",
              "type": "Sujet"
            },
            "value": 0,
            "formattedValue": "0",
            "link": "/"
          },
          {
            "topic": {
              "mid": "/m/051yzg",
              "title": "Paris Match",
              "type": "Magazine"
            },
            "value": 0,
            "formattedValue": "0",
            "link": "/"
          },
          {
            "topic": {
              "mid": "/m/0dkz0z",
              "title": "RT",
              "type": "Chaîne de télévision"
            },
            "value": 0,
            "formattedValue": "0",
            "link": "/"
          },
          {
            "topic": {
              "mid": "/m/0lg7v",
              "title": "Club Atlético de Madrid",
              "type": "Club de football"
            },
            "value": 0,
            "formattedValue": "0",
            "link": "/"
          },
          {
            "topic": {
              "mid": "/m/01gg84",
              "title": "Algarve",
              "type": "Région au Portugal"
            },
            "value": 0,
            "formattedValue": "0",
            "link": "/"
          },
          {
            "topic": {
              "mid": "/m/01rgq8",
              "title": "Le Canard enchaîné",
              "type": "Journal"
            },
            "value": 0,
            "formattedValue": "0",
            "link": "/"
          }
        ]
      },
      {
        "rankedKeyword": [
          {
            "topic": {
              "mid": "/m/0j5vsfc",
              "title": "Penelope Fillon",
              "type": "Femme de François Fillon"
            },
            "value": 13700,
            "formattedValue": "Record",
            "link": "/"
          },
          {
            "topic": {
              "mid": "/m/05vxz07",
              "title": "Pierre Jovanović",
              "type": "Sujet"
            },
            "value": 11250,
            "formattedValue": "Record",
            "link": "/"
          },
          {
            "topic": {
              "mid": "/m/01nyyz",
              "title": "Sondage",
              "type": "Statistique"
            },
            "value": 400,
            "formattedValue": "+400 %",
            "link": "/"
          },
          {
            "topic": {
              "mid": "/m/0fqmlm",
              "title": "François Fillon",
              "type": "Ancien Ministre de l’Écologie, du Développement durable et de l’Énergie"
            },
            "value": 350,
            "formattedValue": "+350 %",
            "link": "/"
          },
          {
            "topic": {
              "mid": "/m/04vpz4",
              "title": "Opinion",
              "type": "Sujet"
            },
            "value": 250,
            "formattedValue": "+250 %",
            "link": "/"
          },
          {
            "topic": {
              "mid": "/m/0lg7v",
              "title": "Club Atlético de Madrid",
              "type": "Club de football"
            },
            "value": 150,
            "formattedValue": "+150 %",
            "link": "/"
          },
          {
            "topic": {
              "mid": "/m/01gg84",
              "title": "Algarve",
              "type": "Région au Portugal"
            },
            "value": 130,
            "formattedValue": "+130 %",
            "link": "/"
          },
          {
            "topic": {
              "mid": "/m/0dkz0z",
              "title": "RT",
              "type": "Chaîne de télévision"
            },
            "value": 110,
            "formattedValue": "+110 %",
            "link": "/"
          },
          {
            "topic": {
              "mid": "/g/11b7n_r2jq",
              "title": "Les Républicains",
              "type": "Parti politique"
            },
            "value": 110,
            "formattedValue": "+110 %",
            "link": "/"
          },
          {
            "topic": {
              "mid": "/m/01rgq8",
              "title": "Le Canard enchaîné",
              "type": "Journal"
            },
            "value": 90,
            "formattedValue": "+90 %",
            "link": "/"
          },
          {
            "topic": {
              "mid": "/m/051yzg",
              "title": "Paris Match",
              "type": "Magazine"
            },
            "value": 90,
            "formattedValue": "+90 %",
            "link": "/"
          },
          {
            "topic": {
              "mid": "/m/09g97p8",
              "title": "Valeurs actuelles",
              "type": "Magazine"
            },
            "value": 80,
            "formattedValue": "+80 %",
            "link": "/"
          },
          {
            "topic": {
              "mid": "/m/0y64z",
              "title": "Le Monde",
              "type": "Journal"
            },
            "value": 60,
            "formattedValue": "+60 %",
            "link": "/"
          },
          {
            "topic": {
              "mid": "/m/0261g9c",
              "title": "Marianne",
              "type": "Magazine"
            },
            "value": 50,
            "formattedValue": "+50 %",
            "link": "/"
          },
          {
            "topic": {
              "mid": "/m/04s39x",
              "title": "L'Express",
              "type": "Magazine"
            },
            "value": 40,
            "formattedValue": "+40 %",
            "link": "/"
          }
        ]
      }
    ]
  },
  "keyword": "atlantico",
  "region": "France",
  "regionId": "FR"
}