{
  "default": {
    "rankedList": [
      {
        "rankedKeyword": [
          {
            "topic": {
              "mid": "/m/0hpjt",
              "title": "Orateur",
              "type": "Sujet"
            },
            "value": 100,
            "formattedValue": "100",
            "link": "/"
          },
          {
            "topic": {
              "mid": "/m/011ncr8c",
              "title": "Emmanuel Macron",
              "type": "Président de la République française"
            },
            "value": 15,
            "formattedValue": "15",
            "link": "/"
          },
          {
            "topic": {
              "mid": "/m/04ztj",
              "title": "Mariage",
              "type": "Sujet"
            },
            "value": 5,
            "formattedValue": "5",
            "link": "/"
          },
          {
            "topic": {
              "mid": "/m/0fqmlm",
              "title": "François Fillon",
              "type": "Ancien Ministre de l’Écologie, du Développement durable et de l’Énergie"
            },
            "value": 5,
            "formattedValue": "5",
            "link": "/"
          },
          {
            "topic": {
              "mid": "/m/02mjmr",
              "title": "Barack Obama",
              "type": "44e président des Etats-Unis"
            },
            "value": 5,
            "formattedValue": "5",
            "link": "/"
          },
          {
            "topic": {
              "mid": "/m/02rdgs",
              "title": "Marine Le Pen",
              "type": "Conseiller régional des Hauts-de-France"
            },
            "value": 5,
            "formattedValue": "5",
            "link": "/"
          },
          {
            "topic": {
              "mid": "/m/04zzm99",
              "title": "Jean-Luc Mélenchon",
              "type": "Homme politique"
            },
            "value": 5,
            "formattedValue": "5",
            "link": "/"
          },
          {
            "topic": {
              "mid": "/m/0cqt90",
              "title": "Donald Trump",
              "type": "45e président des Etats-Unis"
            },
            "value": 5,
            "formattedValue": "5",
            "link": "/"
          },
          {
            "topic": {
              "mid": "/m/0ch1v3h",
              "title": "Discours direct",
              "type": "Sujet"
            },
            "value": 5,
            "formattedValue": "5",
            "link": "/"
          },
          {
            "topic": {
              "mid": "/m/07s6nbt",
              "title": "Texte",
              "type": "Sujet"
            },
            "value": 5,
            "formattedValue": "5",
            "link": "/"
          },
          {
            "topic": {
              "mid": "/m/02qg4z",
              "title": "François Hollande",
              "type": "Ancien Président de la République française"
            },
            "value": 0,
            "formattedValue": "0",
            "link": "/"
          },
          {
            "topic": {
              "mid": "/m/060c4",
              "title": "Président",
              "type": "Sujet"
            },
            "value": 0,
            "formattedValue": "0",
            "link": "/"
          },
          {
            "topic": {
              "mid": "/m/0dj5q",
              "title": "Charles de Gaulle",
              "type": "Ancien Président de la République française"
            },
            "value": 0,
            "formattedValue": "0",
            "link": "/"
          },
          {
            "topic": {
              "mid": "/m/04gdr",
              "title": "Musée du Louvre",
              "type": "Musée d'art à Paris, France"
            },
            "value": 0,
            "formattedValue": "0",
            "link": "/"
          },
          {
            "topic": {
              "mid": "/m/012bzn4x",
              "title": "Discours de la servitude volontaire",
              "type": "Livre d'Étienne de La Boétie"
            },
            "value": 0,
            "formattedValue": "0",
            "link": "/"
          },
          {
            "topic": {
              "mid": "/m/0ch2r_g",
              "title": "Discours indirect",
              "type": "Sujet"
            },
            "value": 0,
            "formattedValue": "0",
            "link": "/"
          },
          {
            "topic": {
              "mid": "/m/05qt0",
              "title": "Politique",
              "type": "Domaine d'étude"
            },
            "value": 0,
            "formattedValue": "0",
            "link": "/"
          },
          {
            "topic": {
              "mid": "/m/0551nw",
              "title": "Benoît Hamon",
              "type": "Homme politique"
            },
            "value": 0,
            "formattedValue": "0",
            "link": "/"
          },
          {
            "topic": {
              "mid": "/m/09gq0x5",
              "title": "Le Discours d'un roi",
              "type": "Film (2010)"
            },
            "value": 0,
            "formattedValue": "0",
            "link": "/"
          },
          {
            "topic": {
              "mid": "/m/09x0r",
              "title": "Parole",
              "type": "Sujet"
            },
            "value": 0,
            "formattedValue": "0",
            "link": "/"
          },
          {
            "topic": {
              "mid": "/m/0dfvk",
              "title": "Témoin",
              "type": "Sujet"
            },
            "value": 0,
            "formattedValue": "0",
            "link": "/"
          },
          {
            "topic": {
              "mid": "/m/0h0wc",
              "title": "Meryl Streep",
              "type": "Actrice"
            },
            "value": 0,
            "formattedValue": "0",
            "link": "/"
          },
          {
            "topic": {
              "mid": "/m/01ydch",
              "title": "Bayeux",
              "type": "Commune en France"
            },
            "value": 0,
            "formattedValue": "0",
            "link": "/"
          },
          {
            "topic": {
              "mid": "/m/011_7_",
              "title": "Golden Globes",
              "type": "Récompense"
            },
            "value": 0,
            "formattedValue": "0",
            "link": "/"
          },
          {
            "topic": {
              "mid": "/m/0d7x8",
              "title": "Jean-Marie Le Pen",
              "type": "Homme politique"
            },
            "value": 0,
            "formattedValue": "0",
            "link": "/"
          }
        ]
      },
      {
        "rankedKeyword": [
          {
            "topic": {
              "mid": "/m/0h0wc",
              "title": "Meryl Streep",
              "type": "Actrice"
            },
            "value": 89700,
            "formattedValue": "Record",
            "link": "/"
          },
          {
            "topic": {
              "mid": "/m/011_7_",
              "title": "Golden Globes",
              "type": "Récompense"
            },
            "value": 47500,
            "formattedValue": "Record",
            "link": "/"
          },
          {
            "topic": {
              "mid": "/m/0w4q_r1",
              "title": "Palais du Trocadéro",
              "type": "Site historique à Paris, France"
            },
            "value": 38250,
            "formattedValue": "Record",
            "link": "/"
          },
          {
            "topic": {
              "mid": "/m/032s66",
              "title": "coup de feu",
              "type": "Sujet"
            },
            "value": 20950,
            "formattedValue": "Record",
            "link": "/"
          },
          {
            "topic": {
              "mid": "/m/04gdr",
              "title": "Musée du Louvre",
              "type": "Musée d'art à Paris, France"
            },
            "value": 6800,
            "formattedValue": "Record",
            "link": "/"
          },
          {
            "topic": {
              "mid": "/m/0551nw",
              "title": "Benoît Hamon",
              "type": "Homme politique"
            },
            "value": 2250,
            "formattedValue": "+2 250 %",
            "link": "/"
          },
          {
            "topic": {
              "mid": "/m/01v7mn",
              "title": "Laurent Fabius",
              "type": "Ancien Premier ministre français"
            },
            "value": 1000,
            "formattedValue": "+1 000 %",
            "link": "/"
          },
          {
            "topic": {
              "mid": "/m/01t2ln",
              "title": "Policier",
              "type": "Profession"
            },
            "value": 500,
            "formattedValue": "+500 %",
            "link": "/"
          },
          {
            "topic": {
              "mid": "/m/01fj6s",
              "title": "8 mai 1945",
              "type": "Jour férié"
            },
            "value": 500,
            "formattedValue": "+500 %",
            "link": "/"
          },
          {
            "topic": {
              "mid": "/m/04zzm99",
              "title": "Jean-Luc Mélenchon",
              "type": "Homme politique"
            },
            "value": 500,
            "formattedValue": "+500 %",
            "link": "/"
          },
          {
            "topic": {
              "mid": "/m/011ncr8c",
              "title": "Emmanuel Macron",
              "type": "Président de la République française"
            },
            "value": 450,
            "formattedValue": "+450 %",
            "link": "/"
          },
          {
            "topic": {
              "mid": "/m/0d7x8",
              "title": "Jean-Marie Le Pen",
              "type": "Homme politique"
            },
            "value": 400,
            "formattedValue": "+400 %",
            "link": "/"
          },
          {
            "topic": {
              "mid": "/m/02rdgs",
              "title": "Marine Le Pen",
              "type": "Conseiller régional des Hauts-de-France"
            },
            "value": 300,
            "formattedValue": "+300 %",
            "link": "/"
          },
          {
            "topic": {
              "mid": "/m/0pr43",
              "title": "César du cinéma",
              "type": "Récompense"
            },
            "value": 300,
            "formattedValue": "+300 %",
            "link": "/"
          },
          {
            "topic": {
              "mid": "/m/01s_5",
              "title": "Climat",
              "type": "Sujet"
            },
            "value": 250,
            "formattedValue": "+250 %",
            "link": "/"
          },
          {
            "topic": {
              "mid": "/m/01zczs",
              "title": "Theresa May",
              "type": "Premier ministre du Royaume-Uni"
            },
            "value": 250,
            "formattedValue": "+250 %",
            "link": "/"
          },
          {
            "topic": {
              "mid": "/m/01ydch",
              "title": "Bayeux",
              "type": "Commune en France"
            },
            "value": 170,
            "formattedValue": "+170 %",
            "link": "/"
          },
          {
            "topic": {
              "mid": "/m/0fqmlm",
              "title": "François Fillon",
              "type": "Ancien Ministre de l’Écologie, du Développement durable et de l’Énergie"
            },
            "value": 130,
            "formattedValue": "+130 %",
            "link": "/"
          },
          {
            "topic": {
              "mid": "/m/02mjmr",
              "title": "Barack Obama",
              "type": "44e président des Etats-Unis"
            },
            "value": 60,
            "formattedValue": "+60 %",
            "link": "/"
          },
          {
            "topic": {
              "mid": "/m/0ch1v3h",
              "title": "Discours direct",
              "type": "Sujet"
            },
            "value": 50,
            "formattedValue": "+50 %",
            "link": "/"
          }
        ]
      }
    ]
  },
  "keyword": "discours",
  "region": "France",
  "regionId": "FR"
}