{
  "default": {
    "rankedList": [
      {
        "rankedKeyword": [
          {
            "topic": {
              "mid": "/m/0600q",
              "title": "Portable Document Format",
              "type": "Sujet"
            },
            "value": 100,
            "formattedValue": "100",
            "link": "/"
          },
          {
            "topic": {
              "mid": "/m/011ncr8c",
              "title": "Emmanuel Macron",
              "type": "Président de la République française"
            },
            "value": 20,
            "formattedValue": "20",
            "link": "/"
          },
          {
            "topic": {
              "mid": "/m/04zzm99",
              "title": "Jean-Luc Mélenchon",
              "type": "Homme politique"
            },
            "value": 15,
            "formattedValue": "15",
            "link": "/"
          },
          {
            "topic": {
              "mid": "/m/02rdgs",
              "title": "Marine Le Pen",
              "type": "Conseiller régional des Hauts-de-France"
            },
            "value": 10,
            "formattedValue": "10",
            "link": "/"
          },
          {
            "topic": {
              "mid": "/m/0551nw",
              "title": "Benoît Hamon",
              "type": "Homme politique"
            },
            "value": 10,
            "formattedValue": "10",
            "link": "/"
          },
          {
            "topic": {
              "mid": "/m/0c4f_",
              "title": "Musculation",
              "type": "Sujet"
            },
            "value": 5,
            "formattedValue": "5",
            "link": "/"
          },
          {
            "topic": {
              "mid": "/m/0fqmlm",
              "title": "François Fillon",
              "type": "Ancien Ministre de l’Écologie, du Développement durable et de l’Énergie"
            },
            "value": 5,
            "formattedValue": "5",
            "link": "/"
          },
          {
            "topic": {
              "mid": "/m/04rjg",
              "title": "Mathématiques",
              "type": "Domaine d'étude"
            },
            "value": 5,
            "formattedValue": "5",
            "link": "/"
          },
          {
            "topic": {
              "mid": "/m/01r9v",
              "title": "Programme informatique",
              "type": "Sujet"
            },
            "value": 5,
            "formattedValue": "5",
            "link": "/"
          },
          {
            "topic": {
              "mid": "/m/01ft5b",
              "title": "École maternelle",
              "type": "Catégorie d'école"
            },
            "value": 5,
            "formattedValue": "5",
            "link": "/"
          },
          {
            "topic": {
              "mid": "/m/027x7n",
              "title": "Fitness",
              "type": "Sujet"
            },
            "value": 5,
            "formattedValue": "5",
            "link": "/"
          },
          {
            "topic": {
              "mid": "/m/04t9l",
              "title": "Masse",
              "type": "Sujet"
            },
            "value": 0,
            "formattedValue": "0",
            "link": "/"
          },
          {
            "topic": {
              "mid": "/m/02fk8v",
              "title": "Programme d'enseignement",
              "type": "Domaine d'étude"
            },
            "value": 0,
            "formattedValue": "0",
            "link": "/"
          },
          {
            "topic": {
              "mid": "/m/0hp7g",
              "title": "Front national",
              "type": "Parti français"
            },
            "value": 0,
            "formattedValue": "0",
            "link": "/"
          },
          {
            "topic": {
              "mid": "/m/05qjt",
              "title": "Physique",
              "type": "Domaine d'étude"
            },
            "value": 0,
            "formattedValue": "0",
            "link": "/"
          },
          {
            "topic": {
              "mid": "/m/02wwvy",
              "title": "Candidat",
              "type": "Sujet"
            },
            "value": 0,
            "formattedValue": "0",
            "link": "/"
          },
          {
            "topic": {
              "mid": "/m/0gfjb2t",
              "title": "François Asselineau",
              "type": "Homme politique"
            },
            "value": 0,
            "formattedValue": "0",
            "link": "/"
          },
          {
            "topic": {
              "mid": "/m/0f6b18",
              "title": "Nicolas Dupont-Aignan",
              "type": "Homme politique"
            },
            "value": 0,
            "formattedValue": "0",
            "link": "/"
          },
          {
            "topic": {
              "mid": "/m/04_7bj",
              "title": "Entraînement fractionné de haute intensité",
              "type": "Sujet"
            },
            "value": 0,
            "formattedValue": "0",
            "link": "/"
          },
          {
            "topic": {
              "mid": "/m/0vlf",
              "title": "Adobe Systems",
              "type": "Entreprise"
            },
            "value": 0,
            "formattedValue": "0",
            "link": "/"
          },
          {
            "topic": {
              "mid": "/m/019w6h",
              "title": "Activité physique",
              "type": "Sujet"
            },
            "value": 0,
            "formattedValue": "0",
            "link": "/"
          },
          {
            "topic": {
              "mid": "/m/047fzn",
              "title": "Jacques Cheminade",
              "type": "Homme politique"
            },
            "value": 0,
            "formattedValue": "0",
            "link": "/"
          },
          {
            "topic": {
              "mid": "/m/0gxyxxy",
              "title": "Philippe Poutou",
              "type": "Ouvrier"
            },
            "value": 0,
            "formattedValue": "0",
            "link": "/"
          }
        ]
      },
      {
        "rankedKeyword": [
          {
            "topic": {
              "mid": "/m/0551nw",
              "title": "Benoît Hamon",
              "type": "Homme politique"
            },
            "value": 411550,
            "formattedValue": "Record",
            "link": "/"
          },
          {
            "topic": {
              "mid": "/m/0f6b18",
              "title": "Nicolas Dupont-Aignan",
              "type": "Homme politique"
            },
            "value": 43600,
            "formattedValue": "Record",
            "link": "/"
          },
          {
            "topic": {
              "mid": "/m/047fzn",
              "title": "Jacques Cheminade",
              "type": "Homme politique"
            },
            "value": 13800,
            "formattedValue": "Record",
            "link": "/"
          },
          {
            "topic": {
              "mid": "/m/0gxyxxy",
              "title": "Philippe Poutou",
              "type": "Ouvrier"
            },
            "value": 11400,
            "formattedValue": "Record",
            "link": "/"
          },
          {
            "topic": {
              "mid": "/m/011ncr8c",
              "title": "Emmanuel Macron",
              "type": "Président de la République française"
            },
            "value": 5900,
            "formattedValue": "Record",
            "link": "/"
          },
          {
            "topic": {
              "mid": "/m/04zzm99",
              "title": "Jean-Luc Mélenchon",
              "type": "Homme politique"
            },
            "value": 1900,
            "formattedValue": "+1 900 %",
            "link": "/"
          },
          {
            "topic": {
              "mid": "/m/02rdgs",
              "title": "Marine Le Pen",
              "type": "Conseiller régional des Hauts-de-France"
            },
            "value": 1150,
            "formattedValue": "+1 150 %",
            "link": "/"
          },
          {
            "topic": {
              "mid": "/m/0hp7g",
              "title": "Front national",
              "type": "Parti français"
            },
            "value": 600,
            "formattedValue": "+600 %",
            "link": "/"
          },
          {
            "topic": {
              "mid": "/m/02wwvy",
              "title": "Candidat",
              "type": "Sujet"
            },
            "value": 500,
            "formattedValue": "+500 %",
            "link": "/"
          },
          {
            "topic": {
              "mid": "/m/0gfjb2t",
              "title": "François Asselineau",
              "type": "Homme politique"
            },
            "value": 350,
            "formattedValue": "+350 %",
            "link": "/"
          },
          {
            "topic": {
              "mid": "/m/0fqmlm",
              "title": "François Fillon",
              "type": "Ancien Ministre de l’Écologie, du Développement durable et de l’Énergie"
            },
            "value": 250,
            "formattedValue": "+250 %",
            "link": "/"
          },
          {
            "topic": {
              "mid": "/m/04_7bj",
              "title": "Entraînement fractionné de haute intensité",
              "type": "Sujet"
            },
            "value": 150,
            "formattedValue": "+150 %",
            "link": "/"
          },
          {
            "topic": {
              "mid": "/m/019w6h",
              "title": "Activité physique",
              "type": "Sujet"
            },
            "value": 120,
            "formattedValue": "+120 %",
            "link": "/"
          },
          {
            "topic": {
              "mid": "/m/0vlf",
              "title": "Adobe Systems",
              "type": "Entreprise"
            },
            "value": 80,
            "formattedValue": "+80 %",
            "link": "/"
          }
        ]
      }
    ]
  },
  "keyword": "programme pdf",
  "region": "France",
  "regionId": "FR"
}