{
  "default": {
    "rankedList": [
      {
        "rankedKeyword": [
          {
            "topic": {
              "mid": "/m/016ncr",
              "title": "Élection primaire",
              "type": "Sujet"
            },
            "value": 100,
            "formattedValue": "100",
            "link": "/"
          },
          {
            "topic": {
              "mid": "/m/04pjv",
              "title": "Gauche",
              "type": "Politique"
            },
            "value": 20,
            "formattedValue": "20",
            "link": "/"
          },
          {
            "topic": {
              "mid": "/m/0pgkc",
              "title": "Vote",
              "type": "Sujet"
            },
            "value": 20,
            "formattedValue": "20",
            "link": "/"
          },
          {
            "topic": {
              "mid": "/m/02wwvy",
              "title": "Candidat",
              "type": "Sujet"
            },
            "value": 10,
            "formattedValue": "10",
            "link": "/"
          },
          {
            "topic": {
              "mid": "/m/0fmhy",
              "title": "Droite",
              "type": "Politique"
            },
            "value": 10,
            "formattedValue": "10",
            "link": "/"
          },
          {
            "topic": {
              "mid": "/m/021sj1",
              "title": "Bureau",
              "type": "Fonction du bâtiment"
            },
            "value": 5,
            "formattedValue": "5",
            "link": "/"
          },
          {
            "topic": {
              "mid": "/m/0fqmlm",
              "title": "François Fillon",
              "type": "Ancien Ministre de l’Écologie, du Développement durable et de l’Énergie"
            },
            "value": 5,
            "formattedValue": "5",
            "link": "/"
          },
          {
            "topic": {
              "mid": "/m/02l3h",
              "title": "Élection",
              "type": "Sujet"
            },
            "value": 5,
            "formattedValue": "5",
            "link": "/"
          },
          {
            "topic": {
              "mid": "/m/01xq3w",
              "title": "Débat",
              "type": "Sujet"
            },
            "value": 5,
            "formattedValue": "5",
            "link": "/"
          },
          {
            "topic": {
              "mid": "/m/0551nw",
              "title": "Benoît Hamon",
              "type": "Homme politique"
            },
            "value": 5,
            "formattedValue": "5",
            "link": "/"
          },
          {
            "topic": {
              "mid": "/m/01nyyz",
              "title": "Sondage",
              "type": "Statistique"
            },
            "value": 5,
            "formattedValue": "5",
            "link": "/"
          },
          {
            "topic": {
              "mid": "/m/05qt0",
              "title": "Politique",
              "type": "Domaine d'étude"
            },
            "value": 0,
            "formattedValue": "0",
            "link": "/"
          },
          {
            "topic": {
              "mid": "/m/01qdcv",
              "title": "Parti socialiste",
              "type": "France"
            },
            "value": 0,
            "formattedValue": "0",
            "link": "/"
          },
          {
            "topic": {
              "mid": "/m/02840y",
              "title": "Alain Juppé",
              "type": "Ancien Premier ministre français"
            },
            "value": 0,
            "formattedValue": "0",
            "link": "/"
          },
          {
            "topic": {
              "mid": "/m/05_5d",
              "title": "Parti politique",
              "type": "Type d'organisation"
            },
            "value": 0,
            "formattedValue": "0",
            "link": "/"
          },
          {
            "topic": {
              "mid": "/m/047drb0",
              "title": "Manuel Valls",
              "type": "Ancien Premier ministre français"
            },
            "value": 0,
            "formattedValue": "0",
            "link": "/"
          },
          {
            "topic": {
              "mid": "/g/11b7n_r2jq",
              "title": "Les Républicains",
              "type": "Parti politique"
            },
            "value": 0,
            "formattedValue": "0",
            "link": "/"
          },
          {
            "topic": {
              "mid": "/m/02ps9k",
              "title": "Nicolas Sarkozy",
              "type": "Ancien Président de la République française"
            },
            "value": 0,
            "formattedValue": "0",
            "link": "/"
          },
          {
            "topic": {
              "mid": "/m/04zwchc",
              "title": "Bruno Le Maire",
              "type": "Homme politique"
            },
            "value": 0,
            "formattedValue": "0",
            "link": "/"
          },
          {
            "topic": {
              "mid": "/m/02n_pt",
              "title": "Participation électorale",
              "type": "Sujet"
            },
            "value": 0,
            "formattedValue": "0",
            "link": "/"
          },
          {
            "topic": {
              "mid": "/m/04zw70q",
              "title": "François de Rugy",
              "type": "Homme d'État"
            },
            "value": 0,
            "formattedValue": "0",
            "link": "/"
          },
          {
            "topic": {
              "mid": "/m/06gmd",
              "title": "Scrutin uninominal majoritaire à deux tours",
              "type": "Sujet"
            },
            "value": 0,
            "formattedValue": "0",
            "link": "/"
          }
        ]
      },
      {
        "rankedKeyword": [
          {
            "topic": {
              "mid": "/m/0551nw",
              "title": "Benoît Hamon",
              "type": "Homme politique"
            },
            "value": 5250,
            "formattedValue": "Record",
            "link": "/"
          },
          {
            "topic": {
              "mid": "/m/04zw70q",
              "title": "François de Rugy",
              "type": "Homme d'État"
            },
            "value": 1850,
            "formattedValue": "+1 850 %",
            "link": "/"
          },
          {
            "topic": {
              "mid": "/m/047drb0",
              "title": "Manuel Valls",
              "type": "Ancien Premier ministre français"
            },
            "value": 700,
            "formattedValue": "+700 %",
            "link": "/"
          },
          {
            "topic": {
              "mid": "/m/04pjv",
              "title": "Gauche",
              "type": "Politique"
            },
            "value": 300,
            "formattedValue": "+300 %",
            "link": "/"
          },
          {
            "topic": {
              "mid": "/m/05_5d",
              "title": "Parti politique",
              "type": "Type d'organisation"
            },
            "value": 250,
            "formattedValue": "+250 %",
            "link": "/"
          },
          {
            "topic": {
              "mid": "/m/01qdcv",
              "title": "Parti socialiste",
              "type": "France"
            },
            "value": 190,
            "formattedValue": "+190 %",
            "link": "/"
          },
          {
            "topic": {
              "mid": "/m/02wwvy",
              "title": "Candidat",
              "type": "Sujet"
            },
            "value": 80,
            "formattedValue": "+80 %",
            "link": "/"
          },
          {
            "topic": {
              "mid": "/m/05qt0",
              "title": "Politique",
              "type": "Domaine d'étude"
            },
            "value": 70,
            "formattedValue": "+70 %",
            "link": "/"
          },
          {
            "topic": {
              "mid": "/m/0fmhy",
              "title": "Droite",
              "type": "Politique"
            },
            "value": 50,
            "formattedValue": "+50 %",
            "link": "/"
          }
        ]
      }
    ]
  },
  "keyword": "primaire de droite",
  "region": "France",
  "regionId": "FR"
}