{
  "default": {
    "rankedList": [
      {
        "rankedKeyword": [
          {
            "topic": {
              "mid": "/m/0pgkc",
              "title": "Vote",
              "type": "Sujet"
            },
            "value": 100,
            "formattedValue": "100",
            "link": "/"
          },
          {
            "topic": {
              "mid": "/m/033sm3",
              "title": "Vote blanc",
              "type": "Sujet"
            },
            "value": 95,
            "formattedValue": "95",
            "link": "/"
          },
          {
            "topic": {
              "mid": "/m/0n49cn3",
              "title": "Élection présidentielle française de 2017",
              "type": "Élection"
            },
            "value": 20,
            "formattedValue": "20",
            "link": "/"
          },
          {
            "topic": {
              "mid": "/m/02l3h",
              "title": "Élection",
              "type": "Sujet"
            },
            "value": 10,
            "formattedValue": "10",
            "link": "/"
          },
          {
            "topic": {
              "mid": "/m/02rdgs",
              "title": "Marine Le Pen",
              "type": "Conseiller régional des Hauts-de-France"
            },
            "value": 0,
            "formattedValue": "0",
            "link": "/"
          },
          {
            "topic": {
              "mid": "/m/04zzm99",
              "title": "Jean-Luc Mélenchon",
              "type": "Homme politique"
            },
            "value": 0,
            "formattedValue": "0",
            "link": "/"
          },
          {
            "topic": {
              "mid": "/m/05_5d",
              "title": "Parti politique",
              "type": "Type d'organisation"
            },
            "value": 0,
            "formattedValue": "0",
            "link": "/"
          },
          {
            "topic": {
              "mid": "/m/02wwvy",
              "title": "Candidat",
              "type": "Sujet"
            },
            "value": 0,
            "formattedValue": "0",
            "link": "/"
          },
          {
            "topic": {
              "mid": "/m/025rssf",
              "title": "Élection législative",
              "type": "Sujet"
            },
            "value": 0,
            "formattedValue": "0",
            "link": "/"
          },
          {
            "topic": {
              "mid": "/m/0h6zk",
              "title": "Pourcentage",
              "type": "Sujet"
            },
            "value": 0,
            "formattedValue": "0",
            "link": "/"
          },
          {
            "topic": {
              "mid": "/m/021sj1",
              "title": "Bureau",
              "type": "Fonction du bâtiment"
            },
            "value": 0,
            "formattedValue": "0",
            "link": "/"
          },
          {
            "topic": {
              "mid": "/m/05_5pmw",
              "title": "Élection présidentielle française de 2012",
              "type": "Élection"
            },
            "value": 0,
            "formattedValue": "0",
            "link": "/"
          },
          {
            "topic": {
              "mid": "/m/01bgz0",
              "title": "Bulletin de vote",
              "type": "Sujet"
            },
            "value": 0,
            "formattedValue": "0",
            "link": "/"
          },
          {
            "topic": {
              "mid": "/m/0hp7g",
              "title": "Front national",
              "type": "Parti français"
            },
            "value": 0,
            "formattedValue": "0",
            "link": "/"
          },
          {
            "topic": {
              "mid": "/m/0frqm",
              "title": "Enveloppe",
              "type": "Sujet"
            },
            "value": 0,
            "formattedValue": "0",
            "link": "/"
          },
          {
            "topic": {
              "mid": "/m/06gmd",
              "title": "Scrutin uninominal majoritaire à deux tours",
              "type": "Sujet"
            },
            "value": 0,
            "formattedValue": "0",
            "link": "/"
          },
          {
            "topic": {
              "mid": "/m/02n_pt",
              "title": "Participation électorale",
              "type": "Sujet"
            },
            "value": 0,
            "formattedValue": "0",
            "link": "/"
          },
          {
            "topic": {
              "mid": "/m/0d7x8",
              "title": "Jean-Marie Le Pen",
              "type": "Homme politique"
            },
            "value": 0,
            "formattedValue": "0",
            "link": "/"
          },
          {
            "topic": {
              "mid": "/m/0gfjb2t",
              "title": "François Asselineau",
              "type": "Homme politique"
            },
            "value": 0,
            "formattedValue": "0",
            "link": "/"
          },
          {
            "topic": {
              "mid": "/m/09xg8",
              "title": "Jacques Chirac",
              "type": "Ancien Président de la République française"
            },
            "value": 0,
            "formattedValue": "0",
            "link": "/"
          },
          {
            "topic": {
              "mid": "/m/03f1gh6",
              "title": "Michel Blanc",
              "type": "Acteur"
            },
            "value": 0,
            "formattedValue": "0",
            "link": "/"
          }
        ]
      },
      {
        "rankedKeyword": [
          {
            "topic": {
              "mid": "/m/06gmd",
              "title": "Scrutin uninominal majoritaire à deux tours",
              "type": "Sujet"
            },
            "value": 34600,
            "formattedValue": "Record",
            "link": "/"
          },
          {
            "topic": {
              "mid": "/m/02n_pt",
              "title": "Participation électorale",
              "type": "Sujet"
            },
            "value": 30700,
            "formattedValue": "Record",
            "link": "/"
          },
          {
            "topic": {
              "mid": "/m/0d7x8",
              "title": "Jean-Marie Le Pen",
              "type": "Homme politique"
            },
            "value": 19650,
            "formattedValue": "Record",
            "link": "/"
          },
          {
            "topic": {
              "mid": "/m/0gfjb2t",
              "title": "François Asselineau",
              "type": "Homme politique"
            },
            "value": 17300,
            "formattedValue": "Record",
            "link": "/"
          },
          {
            "topic": {
              "mid": "/m/09xg8",
              "title": "Jacques Chirac",
              "type": "Ancien Président de la République française"
            },
            "value": 15900,
            "formattedValue": "Record",
            "link": "/"
          },
          {
            "topic": {
              "mid": "/m/03f1gh6",
              "title": "Michel Blanc",
              "type": "Acteur"
            },
            "value": 13550,
            "formattedValue": "Record",
            "link": "/"
          },
          {
            "topic": {
              "mid": "/m/0n49cn3",
              "title": "Élection présidentielle française de 2017",
              "type": "Élection"
            },
            "value": 1000,
            "formattedValue": "+1 000 %",
            "link": "/"
          },
          {
            "topic": {
              "mid": "/m/02rdgs",
              "title": "Marine Le Pen",
              "type": "Conseiller régional des Hauts-de-France"
            },
            "value": 200,
            "formattedValue": "+200 %",
            "link": "/"
          },
          {
            "topic": {
              "mid": "/m/025rssf",
              "title": "Élection législative",
              "type": "Sujet"
            },
            "value": 160,
            "formattedValue": "+160 %",
            "link": "/"
          },
          {
            "topic": {
              "mid": "/m/04zzm99",
              "title": "Jean-Luc Mélenchon",
              "type": "Homme politique"
            },
            "value": 140,
            "formattedValue": "+140 %",
            "link": "/"
          },
          {
            "topic": {
              "mid": "/m/02l3h",
              "title": "Élection",
              "type": "Sujet"
            },
            "value": 100,
            "formattedValue": "+100 %",
            "link": "/"
          },
          {
            "topic": {
              "mid": "/m/033sm3",
              "title": "Vote blanc",
              "type": "Sujet"
            },
            "value": 60,
            "formattedValue": "+60 %",
            "link": "/"
          },
          {
            "topic": {
              "mid": "/m/0pgkc",
              "title": "Vote",
              "type": "Sujet"
            },
            "value": 50,
            "formattedValue": "+50 %",
            "link": "/"
          },
          {
            "topic": {
              "mid": "/m/01bgz0",
              "title": "Bulletin de vote",
              "type": "Sujet"
            },
            "value": 40,
            "formattedValue": "+40 %",
            "link": "/"
          }
        ]
      }
    ]
  },
  "keyword": "vote blanc",
  "region": "France",
  "regionId": "FR"
}