{
  "default": {
    "rankedList": [
      {
        "rankedKeyword": [
          {
            "topic": {
              "mid": "/m/0hrg82g",
              "title": "Mediapart",
              "type": "Site web"
            },
            "value": 100,
            "formattedValue": "100",
            "link": "/"
          },
          {
            "topic": {
              "mid": "/m/0y64z",
              "title": "Le Monde",
              "type": "Journal"
            },
            "value": 10,
            "formattedValue": "10",
            "link": "/"
          },
          {
            "topic": {
              "mid": "/m/0fqmlm",
              "title": "François Fillon",
              "type": "Ancien Ministre de l’Écologie, du Développement durable et de l’Énergie"
            },
            "value": 5,
            "formattedValue": "5",
            "link": "/"
          },
          {
            "topic": {
              "mid": "/m/011ncr8c",
              "title": "Emmanuel Macron",
              "type": "Président de la République française"
            },
            "value": 5,
            "formattedValue": "5",
            "link": "/"
          },
          {
            "topic": {
              "mid": "/m/01v4td",
              "title": "Libération",
              "type": "Journal"
            },
            "value": 5,
            "formattedValue": "5",
            "link": "/"
          },
          {
            "topic": {
              "mid": "/m/0kwbn",
              "title": "Le Figaro",
              "type": "Sujet"
            },
            "value": 5,
            "formattedValue": "5",
            "link": "/"
          },
          {
            "topic": {
              "mid": "/m/0261g9c",
              "title": "Marianne",
              "type": "Magazine"
            },
            "value": 5,
            "formattedValue": "5",
            "link": "/"
          },
          {
            "topic": {
              "mid": "/m/02_pts",
              "title": "L'Obs",
              "type": "Magazine"
            },
            "value": 5,
            "formattedValue": "5",
            "link": "/"
          },
          {
            "topic": {
              "mid": "/m/04zzm99",
              "title": "Jean-Luc Mélenchon",
              "type": "Homme politique"
            },
            "value": 5,
            "formattedValue": "5",
            "link": "/"
          },
          {
            "topic": {
              "mid": "/m/07jj_2",
              "title": "Le Point",
              "type": "Magazine"
            },
            "value": 0,
            "formattedValue": "0",
            "link": "/"
          },
          {
            "topic": {
              "mid": "/m/085r29",
              "title": "Le Parisien",
              "type": "Journal quotidien"
            },
            "value": 0,
            "formattedValue": "0",
            "link": "/"
          },
          {
            "topic": {
              "mid": "/m/01rgq8",
              "title": "Le Canard enchaîné",
              "type": "Journal"
            },
            "value": 0,
            "formattedValue": "0",
            "link": "/"
          },
          {
            "topic": {
              "mid": "/m/04zzst2",
              "title": "Le Journal du dimanche",
              "type": "Journal hebdomadaire"
            },
            "value": 0,
            "formattedValue": "0",
            "link": "/"
          },
          {
            "topic": {
              "mid": "/m/04s39x",
              "title": "L'Express",
              "type": "Magazine"
            },
            "value": 0,
            "formattedValue": "0",
            "link": "/"
          },
          {
            "topic": {
              "mid": "/g/1215vh1m",
              "title": "Le HuffPost",
              "type": "Sujet"
            },
            "value": 0,
            "formattedValue": "0",
            "link": "/"
          },
          {
            "topic": {
              "mid": "/m/0j5vsfc",
              "title": "Penelope Fillon",
              "type": "Femme de François Fillon"
            },
            "value": 0,
            "formattedValue": "0",
            "link": "/"
          },
          {
            "topic": {
              "mid": "/m/03mqt0",
              "title": "Le Soir",
              "type": "Quotidien généraliste"
            },
            "value": 0,
            "formattedValue": "0",
            "link": "/"
          },
          {
            "topic": {
              "mid": "/g/1232jmny",
              "title": "Xavier Beulin",
              "type": "Dirigeant de la Fédération nationale des syndicats d'exploitants agricoles"
            },
            "value": 0,
            "formattedValue": "0",
            "link": "/"
          }
        ]
      },
      {
        "rankedKeyword": [
          {
            "topic": {
              "mid": "/m/0j5vsfc",
              "title": "Penelope Fillon",
              "type": "Femme de François Fillon"
            },
            "value": 56600,
            "formattedValue": "Record",
            "link": "/"
          },
          {
            "topic": {
              "mid": "/m/0fqmlm",
              "title": "François Fillon",
              "type": "Ancien Ministre de l’Écologie, du Développement durable et de l’Énergie"
            },
            "value": 1100,
            "formattedValue": "+1 100 %",
            "link": "/"
          },
          {
            "topic": {
              "mid": "/m/011ncr8c",
              "title": "Emmanuel Macron",
              "type": "Président de la République française"
            },
            "value": 550,
            "formattedValue": "+550 %",
            "link": "/"
          },
          {
            "topic": {
              "mid": "/m/01rgq8",
              "title": "Le Canard enchaîné",
              "type": "Journal"
            },
            "value": 350,
            "formattedValue": "+350 %",
            "link": "/"
          },
          {
            "topic": {
              "mid": "/m/03mqt0",
              "title": "Le Soir",
              "type": "Quotidien généraliste"
            },
            "value": 300,
            "formattedValue": "+300 %",
            "link": "/"
          },
          {
            "topic": {
              "mid": "/g/1232jmny",
              "title": "Xavier Beulin",
              "type": "Dirigeant de la Fédération nationale des syndicats d'exploitants agricoles"
            },
            "value": 250,
            "formattedValue": "+250 %",
            "link": "/"
          },
          {
            "topic": {
              "mid": "/m/04zzm99",
              "title": "Jean-Luc Mélenchon",
              "type": "Homme politique"
            },
            "value": 140,
            "formattedValue": "+140 %",
            "link": "/"
          },
          {
            "topic": {
              "mid": "/m/04zzst2",
              "title": "Le Journal du dimanche",
              "type": "Journal hebdomadaire"
            },
            "value": 70,
            "formattedValue": "+70 %",
            "link": "/"
          },
          {
            "topic": {
              "mid": "/g/1215vh1m",
              "title": "Le HuffPost",
              "type": "Sujet"
            },
            "value": 60,
            "formattedValue": "+60 %",
            "link": "/"
          },
          {
            "topic": {
              "mid": "/m/02_pts",
              "title": "L'Obs",
              "type": "Magazine"
            },
            "value": 50,
            "formattedValue": "+50 %",
            "link": "/"
          }
        ]
      }
    ]
  },
  "keyword": "mediapart",
  "region": "France",
  "regionId": "FR"
}