{
  "default": {
    "rankedList": [
      {
        "rankedKeyword": [
          {
            "topic": {
              "mid": "/m/07s_c",
              "title": "Chômage",
              "type": "Sujet"
            },
            "value": 100,
            "formattedValue": "100",
            "link": "/"
          },
          {
            "topic": {
              "mid": "/m/0f8l9c",
              "title": "France",
              "type": "Pays en Europe"
            },
            "value": 25,
            "formattedValue": "25",
            "link": "/"
          },
          {
            "topic": {
              "mid": "/m/06lry",
              "title": "Retraite",
              "type": "Sujet"
            },
            "value": 5,
            "formattedValue": "5",
            "link": "/"
          },
          {
            "topic": {
              "mid": "/m/01tqrk",
              "title": "Emploi",
              "type": "Sujet"
            },
            "value": 5,
            "formattedValue": "5",
            "link": "/"
          },
          {
            "topic": {
              "mid": "/m/01r942",
              "title": "Institut national de la statistique et des études économiques",
              "type": "Agence publique"
            },
            "value": 5,
            "formattedValue": "5",
            "link": "/"
          },
          {
            "topic": {
              "mid": "/m/05qlp",
              "title": "Population",
              "type": "Sujet"
            },
            "value": 0,
            "formattedValue": "0",
            "link": "/"
          },
          {
            "topic": {
              "mid": "/m/01qfr1",
              "title": "Social",
              "type": "Sujet"
            },
            "value": 0,
            "formattedValue": "0",
            "link": "/"
          }
        ]
      },
      {
        "rankedKeyword": [
          {
            "topic": {
              "mid": "/m/06lry",
              "title": "Retraite",
              "type": "Sujet"
            },
            "value": 180,
            "formattedValue": "+180 %",
            "link": "/"
          },
          {
            "topic": {
              "mid": "/m/0f8l9c",
              "title": "France",
              "type": "Pays en Europe"
            },
            "value": 40,
            "formattedValue": "+40 %",
            "link": "/"
          }
        ]
      }
    ]
  },
  "keyword": "chômeurs",
  "region": "France",
  "regionId": "FR"
}