{
  "default": {
    "rankedList": [
      {
        "rankedKeyword": [
          {
            "topic": {
              "mid": "/m/02dmnj",
              "title": "Insoumission",
              "type": "Sujet"
            },
            "value": 100,
            "formattedValue": "100",
            "link": "/"
          },
          {
            "topic": {
              "mid": "/g/1218fhcy",
              "title": "Les Insoumis",
              "type": "Film (2008)"
            },
            "value": 45,
            "formattedValue": "45",
            "link": "/"
          },
          {
            "topic": {
              "mid": "/m/04zzm99",
              "title": "Jean-Luc Mélenchon",
              "type": "Homme politique"
            },
            "value": 30,
            "formattedValue": "30",
            "link": "/"
          },
          {
            "topic": {
              "mid": "/m/02wwvy",
              "title": "Candidat",
              "type": "Sujet"
            },
            "value": 15,
            "formattedValue": "15",
            "link": "/"
          },
          {
            "topic": {
              "mid": "/m/025rssf",
              "title": "Élection législative",
              "type": "Sujet"
            },
            "value": 15,
            "formattedValue": "15",
            "link": "/"
          },
          {
            "topic": {
              "mid": "/m/0pgkc",
              "title": "Vote",
              "type": "Sujet"
            },
            "value": 10,
            "formattedValue": "10",
            "link": "/"
          },
          {
            "topic": {
              "mid": "/m/038lvy",
              "title": "Apéritif",
              "type": "Boisson"
            },
            "value": 5,
            "formattedValue": "5",
            "link": "/"
          },
          {
            "topic": {
              "mid": "/m/01nyyz",
              "title": "Sondage",
              "type": "Statistique"
            },
            "value": 5,
            "formattedValue": "5",
            "link": "/"
          },
          {
            "topic": {
              "mid": "/m/02rdgs",
              "title": "Marine Le Pen",
              "type": "Conseiller régional des Hauts-de-France"
            },
            "value": 5,
            "formattedValue": "5",
            "link": "/"
          },
          {
            "topic": {
              "mid": "/m/01v8x4",
              "title": "Parti communiste français",
              "type": "Parti politique"
            },
            "value": 5,
            "formattedValue": "5",
            "link": "/"
          },
          {
            "topic": {
              "mid": "/m/0gnwz4",
              "title": "Manifestation",
              "type": "Sujet"
            },
            "value": 0,
            "formattedValue": "0",
            "link": "/"
          },
          {
            "topic": {
              "mid": "/m/043k94f",
              "title": "L'Insoumis",
              "type": "Film, 1964"
            },
            "value": 0,
            "formattedValue": "0",
            "link": "/"
          },
          {
            "topic": {
              "mid": "/m/05_5d",
              "title": "Parti politique",
              "type": "Type d'organisation"
            },
            "value": 0,
            "formattedValue": "0",
            "link": "/"
          },
          {
            "topic": {
              "mid": "/m/0hp7g",
              "title": "Front national",
              "type": "Parti français"
            },
            "value": 0,
            "formattedValue": "0",
            "link": "/"
          },
          {
            "topic": {
              "mid": "/m/01qdcv",
              "title": "Parti socialiste",
              "type": "France"
            },
            "value": 0,
            "formattedValue": "0",
            "link": "/"
          },
          {
            "topic": {
              "mid": "/m/01rqxn",
              "title": "Assemblée nationale",
              "type": "France"
            },
            "value": 0,
            "formattedValue": "0",
            "link": "/"
          },
          {
            "topic": {
              "mid": "/m/05zk3dx",
              "title": "Front de gauche",
              "type": "France"
            },
            "value": 0,
            "formattedValue": "0",
            "link": "/"
          },
          {
            "topic": {
              "mid": "/g/122z_q42",
              "title": "François Ruffin",
              "type": "Journaliste"
            },
            "value": 0,
            "formattedValue": "0",
            "link": "/"
          },
          {
            "topic": {
              "mid": "/m/04x0r",
              "title": "1er mai",
              "type": "Date"
            },
            "value": 0,
            "formattedValue": "0",
            "link": "/"
          },
          {
            "topic": {
              "mid": "/m/047drb0",
              "title": "Manuel Valls",
              "type": "Ancien Premier ministre français"
            },
            "value": 0,
            "formattedValue": "0",
            "link": "/"
          },
          {
            "topic": {
              "mid": "/m/0hrg82g",
              "title": "Mediapart",
              "type": "Site web"
            },
            "value": 0,
            "formattedValue": "0",
            "link": "/"
          },
          {
            "topic": {
              "mid": "/m/033sm3",
              "title": "Vote blanc",
              "type": "Sujet"
            },
            "value": 0,
            "formattedValue": "0",
            "link": "/"
          },
          {
            "topic": {
              "mid": "/m/03_14",
              "title": "Intégration",
              "type": "Mathématiques"
            },
            "value": 0,
            "formattedValue": "0",
            "link": "/"
          },
          {
            "topic": {
              "mid": "/g/11b7n_r2jq",
              "title": "Les Républicains",
              "type": "Parti politique"
            },
            "value": 0,
            "formattedValue": "0",
            "link": "/"
          }
        ]
      },
      {
        "rankedKeyword": [
          {
            "topic": {
              "mid": "/m/038lvy",
              "title": "Apéritif",
              "type": "Boisson"
            },
            "value": 197800,
            "formattedValue": "Record",
            "link": "/"
          },
          {
            "topic": {
              "mid": "/m/01rqxn",
              "title": "Assemblée nationale",
              "type": "France"
            },
            "value": 43300,
            "formattedValue": "Record",
            "link": "/"
          },
          {
            "topic": {
              "mid": "/m/05zk3dx",
              "title": "Front de gauche",
              "type": "France"
            },
            "value": 39100,
            "formattedValue": "Record",
            "link": "/"
          },
          {
            "topic": {
              "mid": "/g/122z_q42",
              "title": "François Ruffin",
              "type": "Journaliste"
            },
            "value": 25950,
            "formattedValue": "Record",
            "link": "/"
          },
          {
            "topic": {
              "mid": "/m/04x0r",
              "title": "1er mai",
              "type": "Date"
            },
            "value": 22900,
            "formattedValue": "Record",
            "link": "/"
          },
          {
            "topic": {
              "mid": "/m/047drb0",
              "title": "Manuel Valls",
              "type": "Ancien Premier ministre français"
            },
            "value": 21750,
            "formattedValue": "Record",
            "link": "/"
          },
          {
            "topic": {
              "mid": "/m/0hrg82g",
              "title": "Mediapart",
              "type": "Site web"
            },
            "value": 21550,
            "formattedValue": "Record",
            "link": "/"
          },
          {
            "topic": {
              "mid": "/m/033sm3",
              "title": "Vote blanc",
              "type": "Sujet"
            },
            "value": 19400,
            "formattedValue": "Record",
            "link": "/"
          },
          {
            "topic": {
              "mid": "/m/03_14",
              "title": "Intégration",
              "type": "Mathématiques"
            },
            "value": 19250,
            "formattedValue": "Record",
            "link": "/"
          },
          {
            "topic": {
              "mid": "/g/11b7n_r2jq",
              "title": "Les Républicains",
              "type": "Parti politique"
            },
            "value": 17350,
            "formattedValue": "Record",
            "link": "/"
          },
          {
            "topic": {
              "mid": "/m/025rssf",
              "title": "Élection législative",
              "type": "Sujet"
            },
            "value": 650,
            "formattedValue": "+650 %",
            "link": "/"
          },
          {
            "topic": {
              "mid": "/m/02wwvy",
              "title": "Candidat",
              "type": "Sujet"
            },
            "value": 350,
            "formattedValue": "+350 %",
            "link": "/"
          },
          {
            "topic": {
              "mid": "/m/01nyyz",
              "title": "Sondage",
              "type": "Statistique"
            },
            "value": 250,
            "formattedValue": "+250 %",
            "link": "/"
          },
          {
            "topic": {
              "mid": "/m/0pgkc",
              "title": "Vote",
              "type": "Sujet"
            },
            "value": 250,
            "formattedValue": "+250 %",
            "link": "/"
          },
          {
            "topic": {
              "mid": "/m/02rdgs",
              "title": "Marine Le Pen",
              "type": "Conseiller régional des Hauts-de-France"
            },
            "value": 120,
            "formattedValue": "+120 %",
            "link": "/"
          },
          {
            "topic": {
              "mid": "/m/01v8x4",
              "title": "Parti communiste français",
              "type": "Parti politique"
            },
            "value": 70,
            "formattedValue": "+70 %",
            "link": "/"
          },
          {
            "topic": {
              "mid": "/m/02dmnj",
              "title": "Insoumission",
              "type": "Sujet"
            },
            "value": 60,
            "formattedValue": "+60 %",
            "link": "/"
          },
          {
            "topic": {
              "mid": "/m/04zzm99",
              "title": "Jean-Luc Mélenchon",
              "type": "Homme politique"
            },
            "value": 50,
            "formattedValue": "+50 %",
            "link": "/"
          }
        ]
      }
    ]
  },
  "keyword": "insoumis",
  "region": "France",
  "regionId": "FR"
}