{
  "default": {
    "rankedList": [
      {
        "rankedKeyword": [
          {
            "topic": {
              "mid": "/m/0cl8q_",
              "title": "BFM TV",
              "type": "Chaîne de télévision"
            },
            "value": 100,
            "formattedValue": "100",
            "link": "/"
          },
          {
            "topic": {
              "mid": "/m/02mzct",
              "title": "Diffusion en direct",
              "type": "Sujet"
            },
            "value": 45,
            "formattedValue": "45",
            "link": "/"
          },
          {
            "topic": {
              "mid": "/m/0h3rcbf",
              "title": "BFM Business",
              "type": "Station de télévision"
            },
            "value": 5,
            "formattedValue": "5",
            "link": "/"
          },
          {
            "topic": {
              "mid": "/m/070phq",
              "title": "LCI",
              "type": "Chaîne de télévision"
            },
            "value": 0,
            "formattedValue": "0",
            "link": "/"
          },
          {
            "topic": {
              "mid": "/m/01xq3w",
              "title": "Débat",
              "type": "Sujet"
            },
            "value": 0,
            "formattedValue": "0",
            "link": "/"
          },
          {
            "topic": {
              "mid": "/m/02pkww6",
              "title": "CNEWS",
              "type": "Chaîne de télévision"
            },
            "value": 0,
            "formattedValue": "0",
            "link": "/"
          },
          {
            "topic": {
              "mid": "/m/0d8qb",
              "title": "Journaliste",
              "type": "Sujet"
            },
            "value": 0,
            "formattedValue": "0",
            "link": "/"
          },
          {
            "topic": {
              "mid": "/m/012hr66g",
              "title": "Patrick Drahi",
              "type": "Homme d'affaires"
            },
            "value": 0,
            "formattedValue": "0",
            "link": "/"
          }
        ]
      },
      {
        "rankedKeyword": [
          {
            "topic": {
              "mid": "/m/01xq3w",
              "title": "Débat",
              "type": "Sujet"
            },
            "value": 300,
            "formattedValue": "+300 %",
            "link": "/"
          },
          {
            "topic": {
              "mid": "/m/012hr66g",
              "title": "Patrick Drahi",
              "type": "Homme d'affaires"
            },
            "value": 300,
            "formattedValue": "+300 %",
            "link": "/"
          }
        ]
      }
    ]
  },
  "keyword": "bfm",
  "region": "France",
  "regionId": "FR"
}