{
  "default": {
    "rankedList": [
      {
        "rankedKeyword": [
          {
            "topic": {
              "mid": "/m/011nz1r1",
              "title": "Brigitte Macron",
              "type": "Enseignante"
            },
            "value": 100,
            "formattedValue": "100",
            "link": "/"
          },
          {
            "topic": {
              "mid": "/m/011ncr8c",
              "title": "Emmanuel Macron",
              "type": "Président de la République française"
            },
            "value": 30,
            "formattedValue": "30",
            "link": "/"
          },
          {
            "topic": {
              "mid": "/m/018hl",
              "title": "Brigitte Bardot",
              "type": "Actrice de cinéma"
            },
            "value": 20,
            "formattedValue": "20",
            "link": "/"
          },
          {
            "topic": {
              "mid": "/m/03gxhx",
              "title": "Brigitte Lahaie",
              "type": "Actrice"
            },
            "value": 10,
            "formattedValue": "10",
            "link": "/"
          },
          {
            "topic": {
              "mid": "/m/019q1j",
              "title": "Jeûne",
              "type": "Sujet"
            },
            "value": 10,
            "formattedValue": "10",
            "link": "/"
          },
          {
            "topic": {
              "mid": "/m/0h3snt1",
              "title": "Brigitte",
              "type": "Duo de chanteuses"
            },
            "value": 5,
            "formattedValue": "5",
            "link": "/"
          },
          {
            "topic": {
              "mid": "/m/0c068lw",
              "title": "Bijou Brigitte",
              "type": "Entreprise"
            },
            "value": 0,
            "formattedValue": "0",
            "link": "/"
          },
          {
            "topic": {
              "mid": "/m/01437b",
              "title": "Brigitte Fontaine",
              "type": "Chanteuse"
            },
            "value": 0,
            "formattedValue": "0",
            "link": "/"
          },
          {
            "topic": {
              "mid": "/m/040mz5",
              "title": "Brigitte Fossey",
              "type": "Actrice"
            },
            "value": 0,
            "formattedValue": "0",
            "link": "/"
          },
          {
            "topic": {
              "mid": "/m/04hfnv",
              "title": "Melania Trump",
              "type": "Première dame des États-Unis"
            },
            "value": 0,
            "formattedValue": "0",
            "link": "/"
          },
          {
            "topic": {
              "mid": "/m/08xs94",
              "title": "Patrick Juvet",
              "type": "Chanteur"
            },
            "value": 0,
            "formattedValue": "0",
            "link": "/"
          },
          {
            "topic": {
              "mid": "/m/01vfbv",
              "title": "Palais de l'Élysée",
              "type": "Résidence officielle à Paris, France"
            },
            "value": 0,
            "formattedValue": "0",
            "link": "/"
          },
          {
            "topic": {
              "mid": "/m/06z90w",
              "title": "Charlie Hebdo",
              "type": "Journal hebdomadaire"
            },
            "value": 0,
            "formattedValue": "0",
            "link": "/"
          },
          {
            "topic": {
              "mid": "/m/02p3xvj",
              "title": "Groupe des sept",
              "type": "Économie"
            },
            "value": 0,
            "formattedValue": "0",
            "link": "/"
          },
          {
            "topic": {
              "mid": "/m/03hn76f",
              "title": "Anne Hidalgo",
              "type": "Maire de Paris"
            },
            "value": 0,
            "formattedValue": "0",
            "link": "/"
          },
          {
            "topic": {
              "mid": "/m/05syg2t",
              "title": "Louis Aliot",
              "type": "Homme politique"
            },
            "value": 0,
            "formattedValue": "0",
            "link": "/"
          }
        ]
      },
      {
        "rankedKeyword": [
          {
            "topic": {
              "mid": "/m/05syg2t",
              "title": "Louis Aliot",
              "type": "Homme politique"
            },
            "value": 9900,
            "formattedValue": "Record",
            "link": "/"
          },
          {
            "topic": {
              "mid": "/m/08xs94",
              "title": "Patrick Juvet",
              "type": "Chanteur"
            },
            "value": 2100,
            "formattedValue": "+2 100 %",
            "link": "/"
          },
          {
            "topic": {
              "mid": "/m/04hfnv",
              "title": "Melania Trump",
              "type": "Première dame des États-Unis"
            },
            "value": 1600,
            "formattedValue": "+1 600 %",
            "link": "/"
          },
          {
            "topic": {
              "mid": "/m/02p3xvj",
              "title": "Groupe des sept",
              "type": "Économie"
            },
            "value": 1550,
            "formattedValue": "+1 550 %",
            "link": "/"
          },
          {
            "topic": {
              "mid": "/m/01vfbv",
              "title": "Palais de l'Élysée",
              "type": "Résidence officielle à Paris, France"
            },
            "value": 950,
            "formattedValue": "+950 %",
            "link": "/"
          },
          {
            "topic": {
              "mid": "/m/06z90w",
              "title": "Charlie Hebdo",
              "type": "Journal hebdomadaire"
            },
            "value": 850,
            "formattedValue": "+850 %",
            "link": "/"
          },
          {
            "topic": {
              "mid": "/m/019q1j",
              "title": "Jeûne",
              "type": "Sujet"
            },
            "value": 550,
            "formattedValue": "+550 %",
            "link": "/"
          },
          {
            "topic": {
              "mid": "/m/03hn76f",
              "title": "Anne Hidalgo",
              "type": "Maire de Paris"
            },
            "value": 500,
            "formattedValue": "+500 %",
            "link": "/"
          },
          {
            "topic": {
              "mid": "/m/011nz1r1",
              "title": "Brigitte Macron",
              "type": "Enseignante"
            },
            "value": 300,
            "formattedValue": "+300 %",
            "link": "/"
          },
          {
            "topic": {
              "mid": "/m/011ncr8c",
              "title": "Emmanuel Macron",
              "type": "Président de la République française"
            },
            "value": 200,
            "formattedValue": "+200 %",
            "link": "/"
          }
        ]
      }
    ]
  },
  "keyword": "brigitte",
  "region": "France",
  "regionId": "FR"
}