{
  "default": {
    "rankedList": [
      {
        "rankedKeyword": [
          {
            "topic": {
              "mid": "/m/0pgkc",
              "title": "Vote",
              "type": "Sujet"
            },
            "value": 100,
            "formattedValue": "100",
            "link": "/"
          },
          {
            "topic": {
              "mid": "/m/0hp7g",
              "title": "Front national",
              "type": "Parti français"
            },
            "value": 95,
            "formattedValue": "95",
            "link": "/"
          },
          {
            "topic": {
              "mid": "/m/02rdgs",
              "title": "Marine Le Pen",
              "type": "Conseiller régional des Hauts-de-France"
            },
            "value": 20,
            "formattedValue": "20",
            "link": "/"
          },
          {
            "topic": {
              "mid": "/m/011ncr8c",
              "title": "Emmanuel Macron",
              "type": "Président de la République française"
            },
            "value": 10,
            "formattedValue": "10",
            "link": "/"
          },
          {
            "topic": {
              "mid": "/m/0n49cn3",
              "title": "Élection présidentielle française de 2017",
              "type": "Élection"
            },
            "value": 5,
            "formattedValue": "5",
            "link": "/"
          },
          {
            "topic": {
              "mid": "/m/02l3h",
              "title": "Élection",
              "type": "Sujet"
            },
            "value": 5,
            "formattedValue": "5",
            "link": "/"
          },
          {
            "topic": {
              "mid": "/m/01nyyz",
              "title": "Sondage",
              "type": "Statistique"
            },
            "value": 5,
            "formattedValue": "5",
            "link": "/"
          },
          {
            "topic": {
              "mid": "/m/0bn32",
              "title": "Raison",
              "type": "Sujet"
            },
            "value": 5,
            "formattedValue": "5",
            "link": "/"
          },
          {
            "topic": {
              "mid": "/m/0fqmlm",
              "title": "François Fillon",
              "type": "Ancien Ministre de l’Écologie, du Développement durable et de l’Énergie"
            },
            "value": 5,
            "formattedValue": "5",
            "link": "/"
          },
          {
            "topic": {
              "mid": "/m/04zzm99",
              "title": "Jean-Luc Mélenchon",
              "type": "Homme politique"
            },
            "value": 5,
            "formattedValue": "5",
            "link": "/"
          },
          {
            "topic": {
              "mid": "/m/033sm3",
              "title": "Vote blanc",
              "type": "Sujet"
            },
            "value": 5,
            "formattedValue": "5",
            "link": "/"
          }
        ]
      },
      {
        "rankedKeyword": [
          {
            "topic": {
              "mid": "/m/04zzm99",
              "title": "Jean-Luc Mélenchon",
              "type": "Homme politique"
            },
            "value": 181700,
            "formattedValue": "Record",
            "link": "/"
          },
          {
            "topic": {
              "mid": "/m/033sm3",
              "title": "Vote blanc",
              "type": "Sujet"
            },
            "value": 163650,
            "formattedValue": "Record",
            "link": "/"
          },
          {
            "topic": {
              "mid": "/m/02rdgs",
              "title": "Marine Le Pen",
              "type": "Conseiller régional des Hauts-de-France"
            },
            "value": 130,
            "formattedValue": "+130 %",
            "link": "/"
          },
          {
            "topic": {
              "mid": "/m/011ncr8c",
              "title": "Emmanuel Macron",
              "type": "Président de la République française"
            },
            "value": 110,
            "formattedValue": "+110 %",
            "link": "/"
          }
        ]
      }
    ]
  },
  "keyword": "voter fn",
  "region": "France",
  "regionId": "FR"
}