{
  "default": {
    "rankedList": [
      {
        "rankedKeyword": [
          {
            "topic": {
              "mid": "/m/0cbx95",
              "title": "Immigration",
              "type": "Sujet"
            },
            "value": 100,
            "formattedValue": "100",
            "link": "/"
          },
          {
            "topic": {
              "mid": "/m/09c7w0",
              "title": "États-Unis",
              "type": "Pays en Amérique du Nord"
            },
            "value": 10,
            "formattedValue": "10",
            "link": "/"
          },
          {
            "topic": {
              "mid": "/m/0d060g",
              "title": "Canada",
              "type": "Pays en Amérique du Nord"
            },
            "value": 10,
            "formattedValue": "10",
            "link": "/"
          },
          {
            "topic": {
              "mid": "/m/0cqt90",
              "title": "Donald Trump",
              "type": "45e président des Etats-Unis"
            },
            "value": 10,
            "formattedValue": "10",
            "link": "/"
          },
          {
            "topic": {
              "mid": "/m/011ncr8c",
              "title": "Emmanuel Macron",
              "type": "Président de la République française"
            },
            "value": 10,
            "formattedValue": "10",
            "link": "/"
          },
          {
            "topic": {
              "mid": "/m/0h96z0s",
              "title": "Immigration en France",
              "type": "Sujet"
            },
            "value": 5,
            "formattedValue": "5",
            "link": "/"
          },
          {
            "topic": {
              "mid": "/m/0694j",
              "title": "Québec",
              "type": "Province canadienne"
            },
            "value": 5,
            "formattedValue": "5",
            "link": "/"
          },
          {
            "topic": {
              "mid": "/m/01gcn2",
              "title": "Migration humaine",
              "type": "Sujet"
            },
            "value": 5,
            "formattedValue": "5",
            "link": "/"
          },
          {
            "topic": {
              "mid": "/g/122h5dy6",
              "title": "Immigration au Québec",
              "type": "Sujet"
            },
            "value": 5,
            "formattedValue": "5",
            "link": "/"
          },
          {
            "topic": {
              "mid": "/m/01vrs2",
              "title": "Décret",
              "type": "Sujet"
            },
            "value": 5,
            "formattedValue": "5",
            "link": "/"
          },
          {
            "topic": {
              "mid": "/m/015gxd",
              "title": "Émigré",
              "type": "Sujet"
            },
            "value": 5,
            "formattedValue": "5",
            "link": "/"
          },
          {
            "topic": {
              "mid": "/m/06wqb",
              "title": "Espace",
              "type": "Notion"
            },
            "value": 5,
            "formattedValue": "5",
            "link": "/"
          },
          {
            "topic": {
              "mid": "/m/02j9z",
              "title": "Europe",
              "type": "Continent"
            },
            "value": 5,
            "formattedValue": "5",
            "link": "/"
          },
          {
            "topic": {
              "mid": "/m/04zzm99",
              "title": "Jean-Luc Mélenchon",
              "type": "Homme politique"
            },
            "value": 5,
            "formattedValue": "5",
            "link": "/"
          },
          {
            "topic": {
              "mid": "/m/02rdgs",
              "title": "Marine Le Pen",
              "type": "Conseiller régional des Hauts-de-France"
            },
            "value": 5,
            "formattedValue": "5",
            "link": "/"
          },
          {
            "topic": {
              "mid": "/m/01wtrk",
              "title": "Visa",
              "type": "Document"
            },
            "value": 5,
            "formattedValue": "5",
            "link": "/"
          },
          {
            "topic": {
              "mid": "/m/04cs_2j",
              "title": "Musée de l’histoire de l’immigration",
              "type": "Musée à Paris, France"
            },
            "value": 5,
            "formattedValue": "5",
            "link": "/"
          },
          {
            "topic": {
              "mid": "/m/09cmq",
              "title": "Musée",
              "type": "Sujet"
            },
            "value": 5,
            "formattedValue": "5",
            "link": "/"
          },
          {
            "topic": {
              "mid": "/m/0b90_r",
              "title": "Mexique",
              "type": "Pays en Amérique du Nord"
            },
            "value": 0,
            "formattedValue": "0",
            "link": "/"
          },
          {
            "topic": {
              "mid": "/m/01lff",
              "title": "Pays",
              "type": "Sujet"
            },
            "value": 0,
            "formattedValue": "0",
            "link": "/"
          },
          {
            "topic": {
              "mid": "/m/0h5df0",
              "title": "Immigration illégale",
              "type": "Sujet"
            },
            "value": 0,
            "formattedValue": "0",
            "link": "/"
          },
          {
            "topic": {
              "mid": "/m/07ssc",
              "title": "Royaume-Uni",
              "type": "Pays en Europe"
            },
            "value": 0,
            "formattedValue": "0",
            "link": "/"
          },
          {
            "topic": {
              "mid": "/m/06nm1",
              "title": "Espagnol",
              "type": "Sujet"
            },
            "value": 0,
            "formattedValue": "0",
            "link": "/"
          },
          {
            "topic": {
              "mid": "/m/03rjj",
              "title": "Italie",
              "type": "Pays en Europe"
            },
            "value": 0,
            "formattedValue": "0",
            "link": "/"
          },
          {
            "topic": {
              "mid": "/m/05ypzt",
              "title": "Notion",
              "type": "Sujet"
            },
            "value": 0,
            "formattedValue": "0",
            "link": "/"
          }
        ]
      },
      {
        "rankedKeyword": [
          {
            "topic": {
              "mid": "/m/03g9jb",
              "title": "Ban",
              "type": "Sujet"
            },
            "value": 30450,
            "formattedValue": "Record",
            "link": "/"
          },
          {
            "topic": {
              "mid": "/m/0bwhj37",
              "title": "Cédric Villani",
              "type": "Mathématicien"
            },
            "value": 22450,
            "formattedValue": "Record",
            "link": "/"
          },
          {
            "topic": {
              "mid": "/m/01dx5x",
              "title": "Ordre exécutif",
              "type": "Sujet"
            },
            "value": 13950,
            "formattedValue": "Record",
            "link": "/"
          },
          {
            "topic": {
              "mid": "/m/011ncr8c",
              "title": "Emmanuel Macron",
              "type": "Président de la République française"
            },
            "value": 3800,
            "formattedValue": "+3 800 %",
            "link": "/"
          },
          {
            "topic": {
              "mid": "/m/01vrs2",
              "title": "Décret",
              "type": "Sujet"
            },
            "value": 1300,
            "formattedValue": "+1 300 %",
            "link": "/"
          },
          {
            "topic": {
              "mid": "/m/0551nw",
              "title": "Benoît Hamon",
              "type": "Homme politique"
            },
            "value": 1250,
            "formattedValue": "+1 250 %",
            "link": "/"
          },
          {
            "topic": {
              "mid": "/m/0f6b18",
              "title": "Nicolas Dupont-Aignan",
              "type": "Homme politique"
            },
            "value": 500,
            "formattedValue": "+500 %",
            "link": "/"
          },
          {
            "topic": {
              "mid": "/m/0gfjb2t",
              "title": "François Asselineau",
              "type": "Homme politique"
            },
            "value": 400,
            "formattedValue": "+400 %",
            "link": "/"
          },
          {
            "topic": {
              "mid": "/m/04zzm99",
              "title": "Jean-Luc Mélenchon",
              "type": "Homme politique"
            },
            "value": 400,
            "formattedValue": "+400 %",
            "link": "/"
          },
          {
            "topic": {
              "mid": "/m/02vzc",
              "title": "Finlande",
              "type": "Pays en Europe"
            },
            "value": 350,
            "formattedValue": "+350 %",
            "link": "/"
          },
          {
            "topic": {
              "mid": "/m/06wqb",
              "title": "Espace",
              "type": "Notion"
            },
            "value": 300,
            "formattedValue": "+300 %",
            "link": "/"
          },
          {
            "topic": {
              "mid": "/m/02rdgs",
              "title": "Marine Le Pen",
              "type": "Conseiller régional des Hauts-de-France"
            },
            "value": 300,
            "formattedValue": "+300 %",
            "link": "/"
          },
          {
            "topic": {
              "mid": "/g/12353l_v",
              "title": "Mythe",
              "type": "Sujet"
            },
            "value": 250,
            "formattedValue": "+250 %",
            "link": "/"
          },
          {
            "topic": {
              "mid": "/m/080jwp1",
              "title": "Porte Dorée",
              "type": "Métro de Paris"
            },
            "value": 200,
            "formattedValue": "+200 %",
            "link": "/"
          },
          {
            "topic": {
              "mid": "/m/084lpn",
              "title": "Frontière entre les États-Unis et le Mexique",
              "type": "Sujet"
            },
            "value": 200,
            "formattedValue": "+200 %",
            "link": "/"
          },
          {
            "topic": {
              "mid": "/m/0cqt90",
              "title": "Donald Trump",
              "type": "45e président des Etats-Unis"
            },
            "value": 200,
            "formattedValue": "+200 %",
            "link": "/"
          },
          {
            "topic": {
              "mid": "/m/020swz",
              "title": "Rêve américain",
              "type": "Sujet"
            },
            "value": 190,
            "formattedValue": "+190 %",
            "link": "/"
          },
          {
            "topic": {
              "mid": "/m/02x21",
              "title": "Guyane",
              "type": "Région de France"
            },
            "value": 190,
            "formattedValue": "+190 %",
            "link": "/"
          },
          {
            "topic": {
              "mid": "/m/05ypzt",
              "title": "Notion",
              "type": "Sujet"
            },
            "value": 190,
            "formattedValue": "+190 %",
            "link": "/"
          },
          {
            "topic": {
              "mid": "/m/05rp0v",
              "title": "Progrès",
              "type": "Sujet"
            },
            "value": 130,
            "formattedValue": "+130 %",
            "link": "/"
          },
          {
            "topic": {
              "mid": "/m/02gyy_",
              "title": "Crise",
              "type": "Sujet"
            },
            "value": 120,
            "formattedValue": "+120 %",
            "link": "/"
          },
          {
            "topic": {
              "mid": "/m/02p_z8y",
              "title": "Problématique",
              "type": "Sujet"
            },
            "value": 110,
            "formattedValue": "+110 %",
            "link": "/"
          },
          {
            "topic": {
              "mid": "/m/07c5l",
              "title": "Amérique",
              "type": "Sujet"
            },
            "value": 110,
            "formattedValue": "+110 %",
            "link": "/"
          },
          {
            "topic": {
              "mid": "/m/0b90_r",
              "title": "Mexique",
              "type": "Pays en Amérique du Nord"
            },
            "value": 80,
            "formattedValue": "+80 %",
            "link": "/"
          },
          {
            "topic": {
              "mid": "/m/01lff",
              "title": "Pays",
              "type": "Sujet"
            },
            "value": 50,
            "formattedValue": "+50 %",
            "link": "/"
          }
        ]
      }
    ]
  },
  "keyword": "immigration",
  "region": "France",
  "regionId": "FR"
}