{
  "default": {
    "rankedList": [
      {
        "rankedKeyword": [
          {
            "topic": {
              "mid": "/m/07s_c",
              "title": "Chômage",
              "type": "Sujet"
            },
            "value": 100,
            "formattedValue": "100",
            "link": "/"
          },
          {
            "topic": {
              "mid": "/m/0f8l9c",
              "title": "France",
              "type": "Pays en Europe"
            },
            "value": 20,
            "formattedValue": "20",
            "link": "/"
          },
          {
            "topic": {
              "mid": "/m/01tqrk",
              "title": "Emploi",
              "type": "Sujet"
            },
            "value": 10,
            "formattedValue": "10",
            "link": "/"
          },
          {
            "topic": {
              "mid": "/m/0g5vqb",
              "title": "Territoire",
              "type": "Sujet"
            },
            "value": 10,
            "formattedValue": "10",
            "link": "/"
          },
          {
            "topic": {
              "mid": "/m/064k86k",
              "title": "Pôle emploi",
              "type": "Sujet"
            },
            "value": 10,
            "formattedValue": "10",
            "link": "/"
          },
          {
            "topic": {
              "mid": "/m/04gb7",
              "title": "Droit",
              "type": "Sujet"
            },
            "value": 5,
            "formattedValue": "5",
            "link": "/"
          }
        ]
      },
      {
        "rankedKeyword": [
          {
            "topic": {
              "mid": "/m/0f8l9c",
              "title": "France",
              "type": "Pays en Europe"
            },
            "value": 180,
            "formattedValue": "+180 %",
            "link": "/"
          }
        ]
      }
    ]
  },
  "keyword": "chômeur",
  "region": "France",
  "regionId": "FR"
}