{
  "default": {
    "rankedList": [
      {
        "rankedKeyword": [
          {
            "topic": {
              "mid": "/m/07s_c",
              "title": "Chômage",
              "type": "Sujet"
            },
            "value": 100,
            "formattedValue": "100",
            "link": "/"
          },
          {
            "topic": {
              "mid": "/m/064k86k",
              "title": "Pôle emploi",
              "type": "Sujet"
            },
            "value": 10,
            "formattedValue": "10",
            "link": "/"
          },
          {
            "topic": {
              "mid": "/m/01tqrk",
              "title": "Emploi",
              "type": "Sujet"
            },
            "value": 5,
            "formattedValue": "5",
            "link": "/"
          },
          {
            "topic": {
              "mid": "/m/04gb7",
              "title": "Droit",
              "type": "Sujet"
            },
            "value": 5,
            "formattedValue": "5",
            "link": "/"
          },
          {
            "topic": {
              "mid": "/m/05p8s2",
              "title": "Crédit",
              "type": "Sujet"
            },
            "value": 5,
            "formattedValue": "5",
            "link": "/"
          },
          {
            "topic": {
              "mid": "/m/03nw7w",
              "title": "Recrutement",
              "type": "Sujet"
            },
            "value": 5,
            "formattedValue": "5",
            "link": "/"
          },
          {
            "topic": {
              "mid": "/m/04lg66m",
              "title": "Revenu de solidarité active",
              "type": "Sujet"
            },
            "value": 0,
            "formattedValue": "0",
            "link": "/"
          },
          {
            "topic": {
              "mid": "/m/07s54l",
              "title": "Mutuelle de santé en France",
              "type": "Sujet"
            },
            "value": 0,
            "formattedValue": "0",
            "link": "/"
          },
          {
            "topic": {
              "mid": "/m/07bsy",
              "title": "Transport",
              "type": "Sujet"
            },
            "value": 0,
            "formattedValue": "0",
            "link": "/"
          },
          {
            "topic": {
              "mid": "/m/0g5vqb",
              "title": "Territoire",
              "type": "Sujet"
            },
            "value": 0,
            "formattedValue": "0",
            "link": "/"
          },
          {
            "topic": {
              "mid": "/m/03hhpkp",
              "title": "Pouding-chômeur",
              "type": "Dessert"
            },
            "value": 0,
            "formattedValue": "0",
            "link": "/"
          },
          {
            "topic": {
              "mid": "/m/09x_r",
              "title": "Entrepreneur",
              "type": "Sujet"
            },
            "value": 0,
            "formattedValue": "0",
            "link": "/"
          },
          {
            "topic": {
              "mid": "/m/089zx",
              "title": "Années 1990",
              "type": "Événement"
            },
            "value": 0,
            "formattedValue": "0",
            "link": "/"
          },
          {
            "topic": {
              "mid": "/m/02qvbdm",
              "title": "Couverture maladie universelle",
              "type": "Sujet"
            },
            "value": 0,
            "formattedValue": "0",
            "link": "/"
          },
          {
            "topic": {
              "mid": "/m/01m748",
              "title": "Abonnement",
              "type": "Sujet"
            },
            "value": 0,
            "formattedValue": "0",
            "link": "/"
          },
          {
            "topic": {
              "mid": "/g/121bct_d",
              "title": "Salaire minimum interprofessionnel de croissance",
              "type": "Sujet"
            },
            "value": 0,
            "formattedValue": "0",
            "link": "/"
          },
          {
            "topic": {
              "mid": "/g/122p7tdj",
              "title": "Association pour la formation professionnelle des adultes",
              "type": "Sujet"
            },
            "value": 0,
            "formattedValue": "0",
            "link": "/"
          },
          {
            "topic": {
              "mid": "/m/064phvy",
              "title": "Assédic",
              "type": "Sujet"
            },
            "value": 0,
            "formattedValue": "0",
            "link": "/"
          },
          {
            "topic": {
              "mid": "/m/0d8qb",
              "title": "Journaliste",
              "type": "Sujet"
            },
            "value": 0,
            "formattedValue": "0",
            "link": "/"
          },
          {
            "topic": {
              "mid": "/m/01rk91",
              "title": "Stagiaire",
              "type": "Intitulé de poste"
            },
            "value": 0,
            "formattedValue": "0",
            "link": "/"
          },
          {
            "topic": {
              "mid": "/m/02qg4z",
              "title": "François Hollande",
              "type": "Ancien Président de la République française"
            },
            "value": 0,
            "formattedValue": "0",
            "link": "/"
          },
          {
            "topic": {
              "mid": "/m/0m8xx",
              "title": "Courbe",
              "type": "Sujet"
            },
            "value": 0,
            "formattedValue": "0",
            "link": "/"
          },
          {
            "topic": {
              "mid": "/m/08b73",
              "title": "Années 2000",
              "type": "Sujet"
            },
            "value": 0,
            "formattedValue": "0",
            "link": "/"
          },
          {
            "topic": {
              "mid": "/m/0ds3w_q",
              "title": "Tisséo",
              "type": "Opérateur de système de transport public"
            },
            "value": 0,
            "formattedValue": "0",
            "link": "/"
          }
        ]
      },
      {
        "rankedKeyword": [
          {
            "topic": {
              "mid": "/m/089zx",
              "title": "Années 1990",
              "type": "Événement"
            },
            "value": 50500,
            "formattedValue": "Record",
            "link": "/"
          },
          {
            "topic": {
              "mid": "/m/08b73",
              "title": "Années 2000",
              "type": "Sujet"
            },
            "value": 15200,
            "formattedValue": "Record",
            "link": "/"
          },
          {
            "topic": {
              "mid": "/m/02qvbdm",
              "title": "Couverture maladie universelle",
              "type": "Sujet"
            },
            "value": 170,
            "formattedValue": "+170 %",
            "link": "/"
          },
          {
            "topic": {
              "mid": "/m/0d8qb",
              "title": "Journaliste",
              "type": "Sujet"
            },
            "value": 130,
            "formattedValue": "+130 %",
            "link": "/"
          },
          {
            "topic": {
              "mid": "/m/0m8xx",
              "title": "Courbe",
              "type": "Sujet"
            },
            "value": 120,
            "formattedValue": "+120 %",
            "link": "/"
          },
          {
            "topic": {
              "mid": "/g/122p7tdj",
              "title": "Association pour la formation professionnelle des adultes",
              "type": "Sujet"
            },
            "value": 120,
            "formattedValue": "+120 %",
            "link": "/"
          },
          {
            "topic": {
              "mid": "/m/01rk91",
              "title": "Stagiaire",
              "type": "Intitulé de poste"
            },
            "value": 70,
            "formattedValue": "+70 %",
            "link": "/"
          },
          {
            "topic": {
              "mid": "/m/0ds3w_q",
              "title": "Tisséo",
              "type": "Opérateur de système de transport public"
            },
            "value": 70,
            "formattedValue": "+70 %",
            "link": "/"
          },
          {
            "topic": {
              "mid": "/g/121bct_d",
              "title": "Salaire minimum interprofessionnel de croissance",
              "type": "Sujet"
            },
            "value": 50,
            "formattedValue": "+50 %",
            "link": "/"
          },
          {
            "topic": {
              "mid": "/m/064phvy",
              "title": "Assédic",
              "type": "Sujet"
            },
            "value": 50,
            "formattedValue": "+50 %",
            "link": "/"
          },
          {
            "topic": {
              "mid": "/m/01m748",
              "title": "Abonnement",
              "type": "Sujet"
            },
            "value": 50,
            "formattedValue": "+50 %",
            "link": "/"
          }
        ]
      }
    ]
  },
  "keyword": "chomeur",
  "region": "France",
  "regionId": "FR"
}