{
  "default": {
    "rankedList": [
      {
        "rankedKeyword": [
          {
            "topic": {
              "mid": "/m/02_l9",
              "title": "Franc-maçonnerie",
              "type": "Sujet"
            },
            "value": 100,
            "formattedValue": "100",
            "link": "/"
          },
          {
            "topic": {
              "mid": "/m/02cc0w",
              "title": "Maçon",
              "type": "Sujet"
            },
            "value": 95,
            "formattedValue": "95",
            "link": "/"
          },
          {
            "topic": {
              "mid": "/m/011ncr8c",
              "title": "Emmanuel Macron",
              "type": "Président de la République française"
            },
            "value": 20,
            "formattedValue": "20",
            "link": "/"
          },
          {
            "topic": {
              "mid": "/m/057np",
              "title": "Maçonnerie",
              "type": "Sujet"
            },
            "value": 10,
            "formattedValue": "10",
            "link": "/"
          },
          {
            "topic": {
              "mid": "/m/04zzm99",
              "title": "Jean-Luc Mélenchon",
              "type": "Homme politique"
            },
            "value": 5,
            "formattedValue": "5",
            "link": "/"
          },
          {
            "topic": {
              "mid": "/m/0fqmlm",
              "title": "François Fillon",
              "type": "Ancien Ministre de l’Écologie, du Développement durable et de l’Énergie"
            },
            "value": 5,
            "formattedValue": "5",
            "link": "/"
          },
          {
            "topic": {
              "mid": "/m/0fhrh",
              "title": "Loge maçonnique",
              "type": "Sujet"
            },
            "value": 0,
            "formattedValue": "0",
            "link": "/"
          },
          {
            "topic": {
              "mid": "/m/09ddf",
              "title": "Symbole",
              "type": "Sujet"
            },
            "value": 0,
            "formattedValue": "0",
            "link": "/"
          },
          {
            "topic": {
              "mid": "/m/032rr0",
              "title": "Mâcon",
              "type": "Commune en France"
            },
            "value": 0,
            "formattedValue": "0",
            "link": "/"
          },
          {
            "topic": {
              "mid": "/m/05qt0",
              "title": "Politique",
              "type": "Domaine d'étude"
            },
            "value": 0,
            "formattedValue": "0",
            "link": "/"
          },
          {
            "topic": {
              "mid": "/m/05dqk3",
              "title": "Grand Orient de France",
              "type": "Sujet"
            },
            "value": 0,
            "formattedValue": "0",
            "link": "/"
          },
          {
            "topic": {
              "mid": "/m/06p3n",
              "title": "Secte",
              "type": "Sujet"
            },
            "value": 0,
            "formattedValue": "0",
            "link": "/"
          },
          {
            "topic": {
              "mid": "/m/0551nw",
              "title": "Benoît Hamon",
              "type": "Homme politique"
            },
            "value": 0,
            "formattedValue": "0",
            "link": "/"
          },
          {
            "topic": {
              "mid": "/m/02qg4z",
              "title": "François Hollande",
              "type": "Ancien Président de la République française"
            },
            "value": 0,
            "formattedValue": "0",
            "link": "/"
          },
          {
            "topic": {
              "mid": "/m/0fj9f",
              "title": "Personnalité politique",
              "type": "Sujet"
            },
            "value": 0,
            "formattedValue": "0",
            "link": "/"
          },
          {
            "topic": {
              "mid": "/m/02xkl",
              "title": "Franc",
              "type": "Unité monétaire"
            },
            "value": 0,
            "formattedValue": "0",
            "link": "/"
          },
          {
            "topic": {
              "mid": "/m/041rx",
              "title": "Juifs",
              "type": "Ethnicité"
            },
            "value": 0,
            "formattedValue": "0",
            "link": "/"
          },
          {
            "topic": {
              "mid": "/g/112ygbplc",
              "title": "Richard Ferrand",
              "type": "Secrétaire général d'En Marche !"
            },
            "value": 0,
            "formattedValue": "0",
            "link": "/"
          },
          {
            "topic": {
              "mid": "/m/02qwpq",
              "title": "Jacques Attali",
              "type": "Économiste"
            },
            "value": 0,
            "formattedValue": "0",
            "link": "/"
          },
          {
            "topic": {
              "mid": "/g/122xf96w",
              "title": "Édouard Philippe",
              "type": "Premier ministre français"
            },
            "value": 0,
            "formattedValue": "0",
            "link": "/"
          },
          {
            "topic": {
              "mid": "/m/04n669m",
              "title": "Gérard Collomb",
              "type": "Homme politique"
            },
            "value": 0,
            "formattedValue": "0",
            "link": "/"
          },
          {
            "topic": {
              "mid": "/m/04gdr",
              "title": "Musée du Louvre",
              "type": "Musée d'art à Paris, France"
            },
            "value": 0,
            "formattedValue": "0",
            "link": "/"
          },
          {
            "topic": {
              "mid": "/m/0fmhy",
              "title": "Droite",
              "type": "Politique"
            },
            "value": 0,
            "formattedValue": "0",
            "link": "/"
          },
          {
            "topic": {
              "mid": "/m/094nvd",
              "title": "Pyramide",
              "type": "Sujet"
            },
            "value": 0,
            "formattedValue": "0",
            "link": "/"
          },
          {
            "topic": {
              "mid": "/m/0gfjb2t",
              "title": "François Asselineau",
              "type": "Homme politique"
            },
            "value": 0,
            "formattedValue": "0",
            "link": "/"
          }
        ]
      },
      {
        "rankedKeyword": [
          {
            "topic": {
              "mid": "/g/112ygbplc",
              "title": "Richard Ferrand",
              "type": "Secrétaire général d'En Marche !"
            },
            "value": 49150,
            "formattedValue": "Record",
            "link": "/"
          },
          {
            "topic": {
              "mid": "/m/02qwpq",
              "title": "Jacques Attali",
              "type": "Économiste"
            },
            "value": 48300,
            "formattedValue": "Record",
            "link": "/"
          },
          {
            "topic": {
              "mid": "/g/122xf96w",
              "title": "Édouard Philippe",
              "type": "Premier ministre français"
            },
            "value": 44350,
            "formattedValue": "Record",
            "link": "/"
          },
          {
            "topic": {
              "mid": "/m/04gdr",
              "title": "Musée du Louvre",
              "type": "Musée d'art à Paris, France"
            },
            "value": 43750,
            "formattedValue": "Record",
            "link": "/"
          },
          {
            "topic": {
              "mid": "/m/0gfjb2t",
              "title": "François Asselineau",
              "type": "Homme politique"
            },
            "value": 30200,
            "formattedValue": "Record",
            "link": "/"
          },
          {
            "topic": {
              "mid": "/m/07fswd",
              "title": "Francs",
              "type": "Sujet"
            },
            "value": 19000,
            "formattedValue": "Record",
            "link": "/"
          },
          {
            "topic": {
              "mid": "/m/011ncr8c",
              "title": "Emmanuel Macron",
              "type": "Président de la République française"
            },
            "value": 1950,
            "formattedValue": "+1 950 %",
            "link": "/"
          },
          {
            "topic": {
              "mid": "/m/0551nw",
              "title": "Benoît Hamon",
              "type": "Homme politique"
            },
            "value": 900,
            "formattedValue": "+900 %",
            "link": "/"
          },
          {
            "topic": {
              "mid": "/m/04zzm99",
              "title": "Jean-Luc Mélenchon",
              "type": "Homme politique"
            },
            "value": 650,
            "formattedValue": "+650 %",
            "link": "/"
          },
          {
            "topic": {
              "mid": "/m/027g453",
              "title": "François Baroin",
              "type": "Journaliste"
            },
            "value": 250,
            "formattedValue": "+250 %",
            "link": "/"
          },
          {
            "topic": {
              "mid": "/m/02y2cb",
              "title": "François Bayrou",
              "type": "Homme politique"
            },
            "value": 250,
            "formattedValue": "+250 %",
            "link": "/"
          },
          {
            "topic": {
              "mid": "/m/0kt0d",
              "title": "Groupe Bilderberg",
              "type": "Sujet"
            },
            "value": 200,
            "formattedValue": "+200 %",
            "link": "/"
          },
          {
            "topic": {
              "mid": "/m/0fj9f",
              "title": "Personnalité politique",
              "type": "Sujet"
            },
            "value": 140,
            "formattedValue": "+140 %",
            "link": "/"
          },
          {
            "topic": {
              "mid": "/m/0f6b18",
              "title": "Nicolas Dupont-Aignan",
              "type": "Homme politique"
            },
            "value": 130,
            "formattedValue": "+130 %",
            "link": "/"
          },
          {
            "topic": {
              "mid": "/m/04gc58",
              "title": "Degré",
              "type": "Angle"
            },
            "value": 110,
            "formattedValue": "+110 %",
            "link": "/"
          },
          {
            "topic": {
              "mid": "/m/0dp09y",
              "title": "Homosexualité",
              "type": "Sujet"
            },
            "value": 110,
            "formattedValue": "+110 %",
            "link": "/"
          },
          {
            "topic": {
              "mid": "/m/094nvd",
              "title": "Pyramide",
              "type": "Sujet"
            },
            "value": 110,
            "formattedValue": "+110 %",
            "link": "/"
          },
          {
            "topic": {
              "mid": "/m/041rx",
              "title": "Juifs",
              "type": "Ethnicité"
            },
            "value": 80,
            "formattedValue": "+80 %",
            "link": "/"
          },
          {
            "topic": {
              "mid": "/m/04n669m",
              "title": "Gérard Collomb",
              "type": "Homme politique"
            },
            "value": 80,
            "formattedValue": "+80 %",
            "link": "/"
          },
          {
            "topic": {
              "mid": "/m/02xkl",
              "title": "Franc",
              "type": "Unité monétaire"
            },
            "value": 50,
            "formattedValue": "+50 %",
            "link": "/"
          },
          {
            "topic": {
              "mid": "/m/02qg4z",
              "title": "François Hollande",
              "type": "Ancien Président de la République française"
            },
            "value": 50,
            "formattedValue": "+50 %",
            "link": "/"
          },
          {
            "topic": {
              "mid": "/m/09ddf",
              "title": "Symbole",
              "type": "Sujet"
            },
            "value": 40,
            "formattedValue": "+40 %",
            "link": "/"
          }
        ]
      }
    ]
  },
  "keyword": "franc macon",
  "region": "France",
  "regionId": "FR"
}