{
  "default": {
    "rankedList": [
      {
        "rankedKeyword": [
          {
            "topic": {
              "mid": "/m/01vfbv",
              "title": "Palais de l'Élysée",
              "type": "Résidence officielle à Paris, France"
            },
            "value": 100,
            "formattedValue": "100",
            "link": "/"
          },
          {
            "topic": {
              "mid": "/m/0fqmlm",
              "title": "François Fillon",
              "type": "Ancien Ministre de l’Écologie, du Développement durable et de l’Énergie"
            },
            "value": 100,
            "formattedValue": "100",
            "link": "/"
          },
          {
            "topic": {
              "mid": "/m/02qg4z",
              "title": "François Hollande",
              "type": "Ancien Président de la République française"
            },
            "value": 80,
            "formattedValue": "80",
            "link": "/"
          },
          {
            "topic": {
              "mid": "/m/0bt_c3",
              "title": "Livre",
              "type": "Document"
            },
            "value": 40,
            "formattedValue": "40",
            "link": "/"
          },
          {
            "topic": {
              "mid": "/g/120qklj2",
              "title": "Les Bodin's",
              "type": "Sujet"
            },
            "value": 20,
            "formattedValue": "20",
            "link": "/"
          },
          {
            "topic": {
              "mid": "/m/019sc",
              "title": "Noir",
              "type": "Couleur"
            },
            "value": 15,
            "formattedValue": "15",
            "link": "/"
          },
          {
            "topic": {
              "mid": "/m/09g97p8",
              "title": "Valeurs actuelles",
              "type": "Magazine"
            },
            "value": 15,
            "formattedValue": "15",
            "link": "/"
          },
          {
            "topic": {
              "mid": "/m/047cyph",
              "title": "Place Beauvau",
              "type": "Sujet"
            },
            "value": 15,
            "formattedValue": "15",
            "link": "/"
          },
          {
            "topic": {
              "mid": "/m/0b3ff5",
              "title": "Christine Angot",
              "type": "Romancière"
            },
            "value": 15,
            "formattedValue": "15",
            "link": "/"
          },
          {
            "topic": {
              "mid": "/m/01nyyz",
              "title": "Sondage",
              "type": "Statistique"
            },
            "value": 10,
            "formattedValue": "10",
            "link": "/"
          },
          {
            "topic": {
              "mid": "/g/120z1s0x",
              "title": "Didier Hassoux",
              "type": "Journaliste"
            },
            "value": 5,
            "formattedValue": "5",
            "link": "/"
          },
          {
            "topic": {
              "mid": "/m/01rgq8",
              "title": "Le Canard enchaîné",
              "type": "Journal"
            },
            "value": 5,
            "formattedValue": "5",
            "link": "/"
          },
          {
            "topic": {
              "mid": "/m/02ps9k",
              "title": "Nicolas Sarkozy",
              "type": "Ancien Président de la République française"
            },
            "value": 5,
            "formattedValue": "5",
            "link": "/"
          },
          {
            "topic": {
              "mid": "/m/0d8qb",
              "title": "Journaliste",
              "type": "Sujet"
            },
            "value": 5,
            "formattedValue": "5",
            "link": "/"
          },
          {
            "topic": {
              "mid": "/m/02g60",
              "title": "Accusé",
              "type": "Sujet"
            },
            "value": 5,
            "formattedValue": "5",
            "link": "/"
          }
        ]
      },
      {
        "rankedKeyword": [
          {
            "topic": {
              "mid": "/m/0fqmlm",
              "title": "François Fillon",
              "type": "Ancien Ministre de l’Écologie, du Développement durable et de l’Énergie"
            },
            "value": 847550,
            "formattedValue": "Record",
            "link": "/"
          },
          {
            "topic": {
              "mid": "/g/120qklj2",
              "title": "Les Bodin's",
              "type": "Sujet"
            },
            "value": 157500,
            "formattedValue": "Record",
            "link": "/"
          },
          {
            "topic": {
              "mid": "/m/09g97p8",
              "title": "Valeurs actuelles",
              "type": "Magazine"
            },
            "value": 137650,
            "formattedValue": "Record",
            "link": "/"
          },
          {
            "topic": {
              "mid": "/m/047cyph",
              "title": "Place Beauvau",
              "type": "Sujet"
            },
            "value": 124700,
            "formattedValue": "Record",
            "link": "/"
          },
          {
            "topic": {
              "mid": "/m/0b3ff5",
              "title": "Christine Angot",
              "type": "Romancière"
            },
            "value": 118350,
            "formattedValue": "Record",
            "link": "/"
          },
          {
            "topic": {
              "mid": "/m/01nyyz",
              "title": "Sondage",
              "type": "Statistique"
            },
            "value": 85300,
            "formattedValue": "Record",
            "link": "/"
          },
          {
            "topic": {
              "mid": "/g/120z1s0x",
              "title": "Didier Hassoux",
              "type": "Journaliste"
            },
            "value": 58850,
            "formattedValue": "Record",
            "link": "/"
          },
          {
            "topic": {
              "mid": "/m/01rgq8",
              "title": "Le Canard enchaîné",
              "type": "Journal"
            },
            "value": 45700,
            "formattedValue": "Record",
            "link": "/"
          },
          {
            "topic": {
              "mid": "/m/0d8qb",
              "title": "Journaliste",
              "type": "Sujet"
            },
            "value": 32650,
            "formattedValue": "Record",
            "link": "/"
          },
          {
            "topic": {
              "mid": "/m/02g60",
              "title": "Accusé",
              "type": "Sujet"
            },
            "value": 26200,
            "formattedValue": "Record",
            "link": "/"
          },
          {
            "topic": {
              "mid": "/m/01vfbv",
              "title": "Palais de l'Élysée",
              "type": "Résidence officielle à Paris, France"
            },
            "value": 130,
            "formattedValue": "+130 %",
            "link": "/"
          },
          {
            "topic": {
              "mid": "/m/0bt_c3",
              "title": "Livre",
              "type": "Document"
            },
            "value": 90,
            "formattedValue": "+90 %",
            "link": "/"
          },
          {
            "topic": {
              "mid": "/m/02qg4z",
              "title": "François Hollande",
              "type": "Ancien Président de la République française"
            },
            "value": 70,
            "formattedValue": "+70 %",
            "link": "/"
          }
        ]
      }
    ]
  },
  "keyword": "cabinet noir",
  "region": "France",
  "regionId": "FR"
}