{
  "default": {
    "rankedList": [
      {
        "rankedKeyword": [
          {
            "topic": {
              "mid": "/m/0fqmlm",
              "title": "François Fillon",
              "type": "Ancien Ministre de l’Écologie, du Développement durable et de l’Énergie"
            },
            "value": 100,
            "formattedValue": "100",
            "link": "/"
          },
          {
            "topic": {
              "mid": "/m/02y2cb",
              "title": "François Bayrou",
              "type": "Homme politique"
            },
            "value": 50,
            "formattedValue": "50",
            "link": "/"
          },
          {
            "topic": {
              "mid": "/m/0j5vsfc",
              "title": "Penelope Fillon",
              "type": "Femme de François Fillon"
            },
            "value": 45,
            "formattedValue": "45",
            "link": "/"
          },
          {
            "topic": {
              "mid": "/m/01tqrk",
              "title": "Emploi",
              "type": "Sujet"
            },
            "value": 40,
            "formattedValue": "40",
            "link": "/"
          },
          {
            "topic": {
              "mid": "/m/04zzm99",
              "title": "Jean-Luc Mélenchon",
              "type": "Homme politique"
            },
            "value": 35,
            "formattedValue": "35",
            "link": "/"
          },
          {
            "topic": {
              "mid": "/m/02840y",
              "title": "Alain Juppé",
              "type": "Ancien Premier ministre français"
            },
            "value": 20,
            "formattedValue": "20",
            "link": "/"
          },
          {
            "topic": {
              "mid": "/m/02rdgs",
              "title": "Marine Le Pen",
              "type": "Conseiller régional des Hauts-de-France"
            },
            "value": 15,
            "formattedValue": "15",
            "link": "/"
          },
          {
            "topic": {
              "mid": "/m/0hp7g",
              "title": "Front national",
              "type": "Parti français"
            },
            "value": 10,
            "formattedValue": "10",
            "link": "/"
          },
          {
            "topic": {
              "mid": "/m/0632_",
              "title": "Parlement",
              "type": "Sujet"
            },
            "value": 10,
            "formattedValue": "10",
            "link": "/"
          },
          {
            "topic": {
              "mid": "/m/0j66bt6",
              "title": "Edwy Plenel",
              "type": "Journaliste"
            },
            "value": 10,
            "formattedValue": "10",
            "link": "/"
          },
          {
            "topic": {
              "mid": "/m/0551nw",
              "title": "Benoît Hamon",
              "type": "Homme politique"
            },
            "value": 10,
            "formattedValue": "10",
            "link": "/"
          },
          {
            "topic": {
              "mid": "/m/0hrg82g",
              "title": "Mediapart",
              "type": "Site web"
            },
            "value": 10,
            "formattedValue": "10",
            "link": "/"
          },
          {
            "topic": {
              "mid": "/m/05qt0",
              "title": "Politique",
              "type": "Domaine d'étude"
            },
            "value": 10,
            "formattedValue": "10",
            "link": "/"
          },
          {
            "topic": {
              "mid": "/m/04zwchc",
              "title": "Bruno Le Maire",
              "type": "Homme politique"
            },
            "value": 10,
            "formattedValue": "10",
            "link": "/"
          },
          {
            "topic": {
              "mid": "/m/01nyyz",
              "title": "Sondage",
              "type": "Statistique"
            },
            "value": 5,
            "formattedValue": "5",
            "link": "/"
          },
          {
            "topic": {
              "mid": "/m/01rgq8",
              "title": "Le Canard enchaîné",
              "type": "Journal"
            },
            "value": 5,
            "formattedValue": "5",
            "link": "/"
          },
          {
            "topic": {
              "mid": "/m/047tqhg",
              "title": "Collaborateur parlementaire en France",
              "type": "Sujet"
            },
            "value": 5,
            "formattedValue": "5",
            "link": "/"
          },
          {
            "topic": {
              "mid": "/m/02qt5xp",
              "title": "Mouvement démocrate",
              "type": "France"
            },
            "value": 5,
            "formattedValue": "5",
            "link": "/"
          },
          {
            "topic": {
              "mid": "/m/0377k9",
              "title": "Ministre",
              "type": "Sujet"
            },
            "value": 5,
            "formattedValue": "5",
            "link": "/"
          },
          {
            "topic": {
              "mid": "/m/01n5w",
              "title": "Droit pénal",
              "type": "Sujet"
            },
            "value": 5,
            "formattedValue": "5",
            "link": "/"
          },
          {
            "topic": {
              "mid": "/m/03hn76f",
              "title": "Anne Hidalgo",
              "type": "Maire de Paris"
            },
            "value": 5,
            "formattedValue": "5",
            "link": "/"
          },
          {
            "topic": {
              "mid": "/m/04zxpkr",
              "title": "Bruno Le Roux",
              "type": "Homme politique"
            },
            "value": 5,
            "formattedValue": "5",
            "link": "/"
          },
          {
            "topic": {
              "mid": "/m/06mz9c",
              "title": "Sanction",
              "type": "Sujet"
            },
            "value": 5,
            "formattedValue": "5",
            "link": "/"
          },
          {
            "topic": {
              "mid": "/m/01f1l7",
              "title": "Madame",
              "type": "Sujet"
            },
            "value": 5,
            "formattedValue": "5",
            "link": "/"
          },
          {
            "topic": {
              "mid": "/m/04pjv",
              "title": "Gauche",
              "type": "Politique"
            },
            "value": 0,
            "formattedValue": "0",
            "link": "/"
          }
        ]
      },
      {
        "rankedKeyword": [
          {
            "topic": {
              "mid": "/m/0fqmlm",
              "title": "François Fillon",
              "type": "Ancien Ministre de l’Écologie, du Développement durable et de l’Énergie"
            },
            "value": 917050,
            "formattedValue": "Record",
            "link": "/"
          },
          {
            "topic": {
              "mid": "/m/02y2cb",
              "title": "François Bayrou",
              "type": "Homme politique"
            },
            "value": 471950,
            "formattedValue": "Record",
            "link": "/"
          },
          {
            "topic": {
              "mid": "/m/0j5vsfc",
              "title": "Penelope Fillon",
              "type": "Femme de François Fillon"
            },
            "value": 425250,
            "formattedValue": "Record",
            "link": "/"
          },
          {
            "topic": {
              "mid": "/m/04zzm99",
              "title": "Jean-Luc Mélenchon",
              "type": "Homme politique"
            },
            "value": 309100,
            "formattedValue": "Record",
            "link": "/"
          },
          {
            "topic": {
              "mid": "/m/02rdgs",
              "title": "Marine Le Pen",
              "type": "Conseiller régional des Hauts-de-France"
            },
            "value": 150100,
            "formattedValue": "Record",
            "link": "/"
          },
          {
            "topic": {
              "mid": "/m/0632_",
              "title": "Parlement",
              "type": "Sujet"
            },
            "value": 106800,
            "formattedValue": "Record",
            "link": "/"
          },
          {
            "topic": {
              "mid": "/m/0j66bt6",
              "title": "Edwy Plenel",
              "type": "Journaliste"
            },
            "value": 100100,
            "formattedValue": "Record",
            "link": "/"
          },
          {
            "topic": {
              "mid": "/m/0551nw",
              "title": "Benoît Hamon",
              "type": "Homme politique"
            },
            "value": 85750,
            "formattedValue": "Record",
            "link": "/"
          },
          {
            "topic": {
              "mid": "/m/0hrg82g",
              "title": "Mediapart",
              "type": "Site web"
            },
            "value": 78700,
            "formattedValue": "Record",
            "link": "/"
          },
          {
            "topic": {
              "mid": "/m/05qt0",
              "title": "Politique",
              "type": "Domaine d'étude"
            },
            "value": 78500,
            "formattedValue": "Record",
            "link": "/"
          },
          {
            "topic": {
              "mid": "/m/01nyyz",
              "title": "Sondage",
              "type": "Statistique"
            },
            "value": 64450,
            "formattedValue": "Record",
            "link": "/"
          },
          {
            "topic": {
              "mid": "/m/01rgq8",
              "title": "Le Canard enchaîné",
              "type": "Journal"
            },
            "value": 64300,
            "formattedValue": "Record",
            "link": "/"
          },
          {
            "topic": {
              "mid": "/m/047tqhg",
              "title": "Collaborateur parlementaire en France",
              "type": "Sujet"
            },
            "value": 64250,
            "formattedValue": "Record",
            "link": "/"
          },
          {
            "topic": {
              "mid": "/m/02qt5xp",
              "title": "Mouvement démocrate",
              "type": "France"
            },
            "value": 64200,
            "formattedValue": "Record",
            "link": "/"
          },
          {
            "topic": {
              "mid": "/m/0377k9",
              "title": "Ministre",
              "type": "Sujet"
            },
            "value": 64200,
            "formattedValue": "Record",
            "link": "/"
          },
          {
            "topic": {
              "mid": "/m/03hn76f",
              "title": "Anne Hidalgo",
              "type": "Maire de Paris"
            },
            "value": 49650,
            "formattedValue": "Record",
            "link": "/"
          },
          {
            "topic": {
              "mid": "/m/04zxpkr",
              "title": "Bruno Le Roux",
              "type": "Homme politique"
            },
            "value": 42700,
            "formattedValue": "Record",
            "link": "/"
          },
          {
            "topic": {
              "mid": "/m/01f1l7",
              "title": "Madame",
              "type": "Sujet"
            },
            "value": 28450,
            "formattedValue": "Record",
            "link": "/"
          },
          {
            "topic": {
              "mid": "/m/04pjv",
              "title": "Gauche",
              "type": "Politique"
            },
            "value": 21200,
            "formattedValue": "Record",
            "link": "/"
          },
          {
            "topic": {
              "mid": "/m/02m0v",
              "title": "Parlement européen",
              "type": "Parlement"
            },
            "value": 21200,
            "formattedValue": "Record",
            "link": "/"
          }
        ]
      }
    ]
  },
  "keyword": "emploi fictif",
  "region": "France",
  "regionId": "FR"
}