{
  "default": {
    "rankedList": [
      {
        "rankedKeyword": [
          {
            "topic": {
              "mid": "/m/01nyyz",
              "title": "Sondage",
              "type": "Statistique"
            },
            "value": 100,
            "formattedValue": "100",
            "link": "/"
          },
          {
            "topic": {
              "mid": "/m/0n49cn3",
              "title": "Élection présidentielle française de 2017",
              "type": "Élection"
            },
            "value": 60,
            "formattedValue": "60",
            "link": "/"
          },
          {
            "topic": {
              "mid": "/m/0fqmlm",
              "title": "François Fillon",
              "type": "Ancien Ministre de l’Écologie, du Développement durable et de l’Énergie"
            },
            "value": 10,
            "formattedValue": "10",
            "link": "/"
          },
          {
            "topic": {
              "mid": "/m/011ncr8c",
              "title": "Emmanuel Macron",
              "type": "Président de la République française"
            },
            "value": 5,
            "formattedValue": "5",
            "link": "/"
          },
          {
            "topic": {
              "mid": "/m/02l3h",
              "title": "Élection",
              "type": "Sujet"
            },
            "value": 5,
            "formattedValue": "5",
            "link": "/"
          },
          {
            "topic": {
              "mid": "/m/02rdgs",
              "title": "Marine Le Pen",
              "type": "Conseiller régional des Hauts-de-France"
            },
            "value": 5,
            "formattedValue": "5",
            "link": "/"
          },
          {
            "topic": {
              "mid": "/m/04zzm99",
              "title": "Jean-Luc Mélenchon",
              "type": "Homme politique"
            },
            "value": 5,
            "formattedValue": "5",
            "link": "/"
          },
          {
            "topic": {
              "mid": "/m/0154j",
              "title": "Belgique",
              "type": "Pays en Europe"
            },
            "value": 0,
            "formattedValue": "0",
            "link": "/"
          },
          {
            "topic": {
              "mid": "/m/01xq3w",
              "title": "Débat",
              "type": "Sujet"
            },
            "value": 0,
            "formattedValue": "0",
            "link": "/"
          },
          {
            "topic": {
              "mid": "/m/016ncr",
              "title": "Élection primaire",
              "type": "Sujet"
            },
            "value": 0,
            "formattedValue": "0",
            "link": "/"
          },
          {
            "topic": {
              "mid": "/m/04pjv",
              "title": "Gauche",
              "type": "Politique"
            },
            "value": 0,
            "formattedValue": "0",
            "link": "/"
          },
          {
            "topic": {
              "mid": "/m/051yzg",
              "title": "Paris Match",
              "type": "Magazine"
            },
            "value": 0,
            "formattedValue": "0",
            "link": "/"
          },
          {
            "topic": {
              "mid": "/m/0551nw",
              "title": "Benoît Hamon",
              "type": "Homme politique"
            },
            "value": 0,
            "formattedValue": "0",
            "link": "/"
          },
          {
            "topic": {
              "mid": "/m/02sm7h",
              "title": "Radio-télévision belge de la Communauté française",
              "type": "Entreprise publique"
            },
            "value": 0,
            "formattedValue": "0",
            "link": "/"
          },
          {
            "topic": {
              "mid": "/m/08v0x0",
              "title": "Ipsos",
              "type": "Entreprise"
            },
            "value": 0,
            "formattedValue": "0",
            "link": "/"
          },
          {
            "topic": {
              "mid": "/m/0f6b18",
              "title": "Nicolas Dupont-Aignan",
              "type": "Homme politique"
            },
            "value": 0,
            "formattedValue": "0",
            "link": "/"
          },
          {
            "topic": {
              "mid": "/m/07y1fl",
              "title": "Les Échos",
              "type": "Quotidien d'information"
            },
            "value": 0,
            "formattedValue": "0",
            "link": "/"
          },
          {
            "topic": {
              "mid": "/m/0gfjb2t",
              "title": "François Asselineau",
              "type": "Homme politique"
            },
            "value": 0,
            "formattedValue": "0",
            "link": "/"
          },
          {
            "topic": {
              "mid": "/m/03mqt0",
              "title": "Le Soir",
              "type": "Quotidien généraliste"
            },
            "value": 0,
            "formattedValue": "0",
            "link": "/"
          },
          {
            "topic": {
              "mid": "/m/06c4h8",
              "title": "Tribune de Genève",
              "type": "Journal"
            },
            "value": 0,
            "formattedValue": "0",
            "link": "/"
          },
          {
            "topic": {
              "mid": "/m/05_5pmw",
              "title": "Élection présidentielle française de 2012",
              "type": "Élection"
            },
            "value": 0,
            "formattedValue": "0",
            "link": "/"
          },
          {
            "topic": {
              "mid": "/m/01rgq8",
              "title": "Le Canard enchaîné",
              "type": "Journal"
            },
            "value": 0,
            "formattedValue": "0",
            "link": "/"
          },
          {
            "topic": {
              "mid": "/m/0bs2j8q",
              "title": "Big data",
              "type": "Sujet"
            },
            "value": 0,
            "formattedValue": "0",
            "link": "/"
          }
        ]
      },
      {
        "rankedKeyword": [
          {
            "topic": {
              "mid": "/m/051yzg",
              "title": "Paris Match",
              "type": "Magazine"
            },
            "value": 1300,
            "formattedValue": "+1 300 %",
            "link": "/"
          },
          {
            "topic": {
              "mid": "/m/0bs2j8q",
              "title": "Big data",
              "type": "Sujet"
            },
            "value": 700,
            "formattedValue": "+700 %",
            "link": "/"
          },
          {
            "topic": {
              "mid": "/m/0154j",
              "title": "Belgique",
              "type": "Pays en Europe"
            },
            "value": 600,
            "formattedValue": "+600 %",
            "link": "/"
          },
          {
            "topic": {
              "mid": "/m/02sm7h",
              "title": "Radio-télévision belge de la Communauté française",
              "type": "Entreprise publique"
            },
            "value": 500,
            "formattedValue": "+500 %",
            "link": "/"
          },
          {
            "topic": {
              "mid": "/m/01rgq8",
              "title": "Le Canard enchaîné",
              "type": "Journal"
            },
            "value": 450,
            "formattedValue": "+450 %",
            "link": "/"
          },
          {
            "topic": {
              "mid": "/m/0551nw",
              "title": "Benoît Hamon",
              "type": "Homme politique"
            },
            "value": 400,
            "formattedValue": "+400 %",
            "link": "/"
          },
          {
            "topic": {
              "mid": "/m/0gfjb2t",
              "title": "François Asselineau",
              "type": "Homme politique"
            },
            "value": 350,
            "formattedValue": "+350 %",
            "link": "/"
          },
          {
            "topic": {
              "mid": "/m/0n49cn3",
              "title": "Élection présidentielle française de 2017",
              "type": "Élection"
            },
            "value": 350,
            "formattedValue": "+350 %",
            "link": "/"
          },
          {
            "topic": {
              "mid": "/m/011ncr8c",
              "title": "Emmanuel Macron",
              "type": "Président de la République française"
            },
            "value": 160,
            "formattedValue": "+160 %",
            "link": "/"
          },
          {
            "topic": {
              "mid": "/m/03mqt0",
              "title": "Le Soir",
              "type": "Quotidien généraliste"
            },
            "value": 140,
            "formattedValue": "+140 %",
            "link": "/"
          },
          {
            "topic": {
              "mid": "/m/06c4h8",
              "title": "Tribune de Genève",
              "type": "Journal"
            },
            "value": 140,
            "formattedValue": "+140 %",
            "link": "/"
          },
          {
            "topic": {
              "mid": "/m/05_5pmw",
              "title": "Élection présidentielle française de 2012",
              "type": "Élection"
            },
            "value": 120,
            "formattedValue": "+120 %",
            "link": "/"
          },
          {
            "topic": {
              "mid": "/m/0f6b18",
              "title": "Nicolas Dupont-Aignan",
              "type": "Homme politique"
            },
            "value": 120,
            "formattedValue": "+120 %",
            "link": "/"
          },
          {
            "topic": {
              "mid": "/m/07y1fl",
              "title": "Les Échos",
              "type": "Quotidien d'information"
            },
            "value": 90,
            "formattedValue": "+90 %",
            "link": "/"
          },
          {
            "topic": {
              "mid": "/m/04zzm99",
              "title": "Jean-Luc Mélenchon",
              "type": "Homme politique"
            },
            "value": 80,
            "formattedValue": "+80 %",
            "link": "/"
          },
          {
            "topic": {
              "mid": "/m/02rdgs",
              "title": "Marine Le Pen",
              "type": "Conseiller régional des Hauts-de-France"
            },
            "value": 50,
            "formattedValue": "+50 %",
            "link": "/"
          }
        ]
      }
    ]
  },
  "keyword": "sondage",
  "region": "France",
  "regionId": "FR"
}