{
  "default": {
    "rankedList": [
      {
        "rankedKeyword": [
          {
            "topic": {
              "mid": "/m/0pgkc",
              "title": "Vote",
              "type": "Sujet"
            },
            "value": 100,
            "formattedValue": "100",
            "link": "/"
          },
          {
            "topic": {
              "mid": "/m/0n49cn3",
              "title": "Élection présidentielle française de 2017",
              "type": "Élection"
            },
            "value": 10,
            "formattedValue": "10",
            "link": "/"
          },
          {
            "topic": {
              "mid": "/m/02l3h",
              "title": "Élection",
              "type": "Sujet"
            },
            "value": 10,
            "formattedValue": "10",
            "link": "/"
          },
          {
            "topic": {
              "mid": "/m/0y64z",
              "title": "Le Monde",
              "type": "Journal"
            },
            "value": 5,
            "formattedValue": "5",
            "link": "/"
          },
          {
            "topic": {
              "mid": "/m/011ncr8c",
              "title": "Emmanuel Macron",
              "type": "Président de la République française"
            },
            "value": 5,
            "formattedValue": "5",
            "link": "/"
          },
          {
            "topic": {
              "mid": "/m/02wwvy",
              "title": "Candidat",
              "type": "Sujet"
            },
            "value": 5,
            "formattedValue": "5",
            "link": "/"
          },
          {
            "topic": {
              "mid": "/m/01nyyz",
              "title": "Sondage",
              "type": "Statistique"
            },
            "value": 5,
            "formattedValue": "5",
            "link": "/"
          },
          {
            "topic": {
              "mid": "/m/04zzm99",
              "title": "Jean-Luc Mélenchon",
              "type": "Homme politique"
            },
            "value": 5,
            "formattedValue": "5",
            "link": "/"
          },
          {
            "topic": {
              "mid": "/m/02rdgs",
              "title": "Marine Le Pen",
              "type": "Conseiller régional des Hauts-de-France"
            },
            "value": 5,
            "formattedValue": "5",
            "link": "/"
          },
          {
            "topic": {
              "mid": "/m/016ncr",
              "title": "Élection primaire",
              "type": "Sujet"
            },
            "value": 5,
            "formattedValue": "5",
            "link": "/"
          },
          {
            "topic": {
              "mid": "/m/01sm3w",
              "title": "Quiz",
              "type": "Sujet"
            },
            "value": 5,
            "formattedValue": "5",
            "link": "/"
          },
          {
            "topic": {
              "mid": "/m/04w_7",
              "title": "Mai",
              "type": "Mois"
            },
            "value": 5,
            "formattedValue": "5",
            "link": "/"
          },
          {
            "topic": {
              "mid": "/m/0551nw",
              "title": "Benoît Hamon",
              "type": "Homme politique"
            },
            "value": 5,
            "formattedValue": "5",
            "link": "/"
          },
          {
            "topic": {
              "mid": "/m/04pjv",
              "title": "Gauche",
              "type": "Politique"
            },
            "value": 5,
            "formattedValue": "5",
            "link": "/"
          },
          {
            "topic": {
              "mid": "/m/060c4",
              "title": "Président",
              "type": "Sujet"
            },
            "value": 0,
            "formattedValue": "0",
            "link": "/"
          },
          {
            "topic": {
              "mid": "/m/03t6wn",
              "title": "Questionnaire",
              "type": "Sujet"
            },
            "value": 0,
            "formattedValue": "0",
            "link": "/"
          },
          {
            "topic": {
              "mid": "/m/05qt0",
              "title": "Politique",
              "type": "Domaine d'étude"
            },
            "value": 0,
            "formattedValue": "0",
            "link": "/"
          },
          {
            "topic": {
              "mid": "/m/025rssf",
              "title": "Élection législative",
              "type": "Sujet"
            },
            "value": 0,
            "formattedValue": "0",
            "link": "/"
          },
          {
            "topic": {
              "mid": "/m/048mzc",
              "title": "Vote par procuration",
              "type": "Sujet"
            },
            "value": 0,
            "formattedValue": "0",
            "link": "/"
          },
          {
            "topic": {
              "mid": "/m/04zhw8",
              "title": "Procréation médicalement assistée",
              "type": "Sujet"
            },
            "value": 0,
            "formattedValue": "0",
            "link": "/"
          },
          {
            "topic": {
              "mid": "/m/0f6b18",
              "title": "Nicolas Dupont-Aignan",
              "type": "Homme politique"
            },
            "value": 0,
            "formattedValue": "0",
            "link": "/"
          },
          {
            "topic": {
              "mid": "/m/05_5d",
              "title": "Parti politique",
              "type": "Type d'organisation"
            },
            "value": 0,
            "formattedValue": "0",
            "link": "/"
          },
          {
            "topic": {
              "mid": "/m/0clcmp",
              "title": "Jean Lassalle",
              "type": "Homme politique"
            },
            "value": 0,
            "formattedValue": "0",
            "link": "/"
          },
          {
            "topic": {
              "mid": "/m/0gxyxxy",
              "title": "Philippe Poutou",
              "type": "Ouvrier"
            },
            "value": 0,
            "formattedValue": "0",
            "link": "/"
          },
          {
            "topic": {
              "mid": "/m/033sm3",
              "title": "Vote blanc",
              "type": "Sujet"
            },
            "value": 0,
            "formattedValue": "0",
            "link": "/"
          }
        ]
      },
      {
        "rankedKeyword": [
          {
            "topic": {
              "mid": "/m/02rdgs",
              "title": "Marine Le Pen",
              "type": "Conseiller régional des Hauts-de-France"
            },
            "value": 159700,
            "formattedValue": "Record",
            "link": "/"
          },
          {
            "topic": {
              "mid": "/m/01sm3w",
              "title": "Quiz",
              "type": "Sujet"
            },
            "value": 152000,
            "formattedValue": "Record",
            "link": "/"
          },
          {
            "topic": {
              "mid": "/m/04w_7",
              "title": "Mai",
              "type": "Mois"
            },
            "value": 144250,
            "formattedValue": "Record",
            "link": "/"
          },
          {
            "topic": {
              "mid": "/m/0551nw",
              "title": "Benoît Hamon",
              "type": "Homme politique"
            },
            "value": 139500,
            "formattedValue": "Record",
            "link": "/"
          },
          {
            "topic": {
              "mid": "/m/04zhw8",
              "title": "Procréation médicalement assistée",
              "type": "Sujet"
            },
            "value": 77750,
            "formattedValue": "Record",
            "link": "/"
          },
          {
            "topic": {
              "mid": "/m/05_5d",
              "title": "Parti politique",
              "type": "Type d'organisation"
            },
            "value": 42750,
            "formattedValue": "Record",
            "link": "/"
          },
          {
            "topic": {
              "mid": "/m/0clcmp",
              "title": "Jean Lassalle",
              "type": "Homme politique"
            },
            "value": 27050,
            "formattedValue": "Record",
            "link": "/"
          },
          {
            "topic": {
              "mid": "/m/0gxyxxy",
              "title": "Philippe Poutou",
              "type": "Ouvrier"
            },
            "value": 27050,
            "formattedValue": "Record",
            "link": "/"
          },
          {
            "topic": {
              "mid": "/m/033sm3",
              "title": "Vote blanc",
              "type": "Sujet"
            },
            "value": 27000,
            "formattedValue": "Record",
            "link": "/"
          },
          {
            "topic": {
              "mid": "/m/0rfbfzq",
              "title": "Revenu de base",
              "type": "Sujet"
            },
            "value": 15500,
            "formattedValue": "Record",
            "link": "/"
          },
          {
            "topic": {
              "mid": "/m/0234wl",
              "title": ".info",
              "type": "Domaine de premier niveau"
            },
            "value": 15450,
            "formattedValue": "Record",
            "link": "/"
          },
          {
            "topic": {
              "mid": "/m/0pqc5",
              "title": "Maire",
              "type": "Sujet"
            },
            "value": 15350,
            "formattedValue": "Record",
            "link": "/"
          },
          {
            "topic": {
              "mid": "/m/0gfjb2t",
              "title": "François Asselineau",
              "type": "Homme politique"
            },
            "value": 11500,
            "formattedValue": "Record",
            "link": "/"
          },
          {
            "topic": {
              "mid": "/m/01lp8",
              "title": "Christianisme",
              "type": "Religion"
            },
            "value": 7650,
            "formattedValue": "Record",
            "link": "/"
          },
          {
            "topic": {
              "mid": "/m/0n49cn3",
              "title": "Élection présidentielle française de 2017",
              "type": "Élection"
            },
            "value": 400,
            "formattedValue": "+400 %",
            "link": "/"
          },
          {
            "topic": {
              "mid": "/m/0y64z",
              "title": "Le Monde",
              "type": "Journal"
            },
            "value": 200,
            "formattedValue": "+200 %",
            "link": "/"
          },
          {
            "topic": {
              "mid": "/m/011ncr8c",
              "title": "Emmanuel Macron",
              "type": "Président de la République française"
            },
            "value": 180,
            "formattedValue": "+180 %",
            "link": "/"
          },
          {
            "topic": {
              "mid": "/m/04zzm99",
              "title": "Jean-Luc Mélenchon",
              "type": "Homme politique"
            },
            "value": 160,
            "formattedValue": "+160 %",
            "link": "/"
          },
          {
            "topic": {
              "mid": "/m/03t6wn",
              "title": "Questionnaire",
              "type": "Sujet"
            },
            "value": 130,
            "formattedValue": "+130 %",
            "link": "/"
          },
          {
            "topic": {
              "mid": "/m/025rssf",
              "title": "Élection législative",
              "type": "Sujet"
            },
            "value": 120,
            "formattedValue": "+120 %",
            "link": "/"
          },
          {
            "topic": {
              "mid": "/m/04pjv",
              "title": "Gauche",
              "type": "Politique"
            },
            "value": 80,
            "formattedValue": "+80 %",
            "link": "/"
          },
          {
            "topic": {
              "mid": "/m/048mzc",
              "title": "Vote par procuration",
              "type": "Sujet"
            },
            "value": 60,
            "formattedValue": "+60 %",
            "link": "/"
          },
          {
            "topic": {
              "mid": "/m/01nyyz",
              "title": "Sondage",
              "type": "Statistique"
            },
            "value": 40,
            "formattedValue": "+40 %",
            "link": "/"
          }
        ]
      }
    ]
  },
  "keyword": "pour qui voter",
  "region": "France",
  "regionId": "FR"
}