{
  "default": {
    "rankedList": [
      {
        "rankedKeyword": [
          {
            "query": "nombre de chômeurs en france",
            "value": 100,
            "formattedValue": "100",
            "link": "/"
          },
          {
            "query": "nombre de chômeurs en 2000",
            "value": 40,
            "formattedValue": "40",
            "link": "/"
          }
        ]
      },
      {
        "rankedKeyword": [
          {
            "query": "nombre de chômeurs en 2000",
            "value": 364050,
            "formattedValue": "Record",
            "link": "/"
          },
          {
            "query": "nombre de chômeurs en france",
            "value": 130,
            "formattedValue": "+130 %",
            "link": "/"
          }
        ]
      }
    ]
  },
  "keyword": "chômeurs",
  "region": "France",
  "regionId": "FR"
}