{
  "default": {
    "rankedList": [
      {
        "rankedKeyword": [
          {
            "query": "candidats 2017",
            "value": 100,
            "formattedValue": "100",
            "link": "/"
          },
          {
            "query": "candidats legislatives",
            "value": 55,
            "formattedValue": "55",
            "link": "/"
          },
          {
            "query": "legislatives",
            "value": 50,
            "formattedValue": "50",
            "link": "/"
          },
          {
            "query": "les candidats",
            "value": 50,
            "formattedValue": "50",
            "link": "/"
          },
          {
            "query": "présidentielle",
            "value": 35,
            "formattedValue": "35",
            "link": "/"
          },
          {
            "query": "candidats présidentielle",
            "value": 35,
            "formattedValue": "35",
            "link": "/"
          },
          {
            "query": "législatives candidats",
            "value": 30,
            "formattedValue": "30",
            "link": "/"
          },
          {
            "query": "législatives",
            "value": 30,
            "formattedValue": "30",
            "link": "/"
          },
          {
            "query": "en marche candidats",
            "value": 25,
            "formattedValue": "25",
            "link": "/"
          },
          {
            "query": "en marche",
            "value": 25,
            "formattedValue": "25",
            "link": "/"
          },
          {
            "query": "circonscription",
            "value": 25,
            "formattedValue": "25",
            "link": "/"
          },
          {
            "query": "présidentielle 2017 candidats",
            "value": 20,
            "formattedValue": "20",
            "link": "/"
          },
          {
            "query": "présidentielle 2017",
            "value": 20,
            "formattedValue": "20",
            "link": "/"
          },
          {
            "query": "législatives 2017 candidats",
            "value": 20,
            "formattedValue": "20",
            "link": "/"
          },
          {
            "query": "législatives 2017",
            "value": 20,
            "formattedValue": "20",
            "link": "/"
          },
          {
            "query": "candidats présidentielles",
            "value": 20,
            "formattedValue": "20",
            "link": "/"
          },
          {
            "query": "candidats legislatives 2017",
            "value": 20,
            "formattedValue": "20",
            "link": "/"
          },
          {
            "query": "programme candidats",
            "value": 15,
            "formattedValue": "15",
            "link": "/"
          },
          {
            "query": "présidentielles 2017",
            "value": 15,
            "formattedValue": "15",
            "link": "/"
          },
          {
            "query": "candidats présidentielles 2017",
            "value": 15,
            "formattedValue": "15",
            "link": "/"
          },
          {
            "query": "legislative",
            "value": 15,
            "formattedValue": "15",
            "link": "/"
          },
          {
            "query": "liste des candidats",
            "value": 15,
            "formattedValue": "15",
            "link": "/"
          },
          {
            "query": "candidats presidentielle",
            "value": 15,
            "formattedValue": "15",
            "link": "/"
          },
          {
            "query": "candidat",
            "value": 15,
            "formattedValue": "15",
            "link": "/"
          },
          {
            "query": "candidats à la présidentielle",
            "value": 15,
            "formattedValue": "15",
            "link": "/"
          }
        ]
      },
      {
        "rankedKeyword": [
          {
            "query": "candidats legislatives en marche",
            "value": 358550,
            "formattedValue": "Record",
            "link": "/"
          },
          {
            "query": "liste candidats en marche",
            "value": 328750,
            "formattedValue": "Record",
            "link": "/"
          },
          {
            "query": "candidats officiels présidentielles 2017",
            "value": 283850,
            "formattedValue": "Record",
            "link": "/"
          },
          {
            "query": "liste candidats legislatives 2017",
            "value": 177150,
            "formattedValue": "Record",
            "link": "/"
          },
          {
            "query": "liste des candidats en marche",
            "value": 152950,
            "formattedValue": "Record",
            "link": "/"
          },
          {
            "query": "patrimoine candidats présidentielle",
            "value": 130200,
            "formattedValue": "Record",
            "link": "/"
          },
          {
            "query": "legislative en marche",
            "value": 111100,
            "formattedValue": "Record",
            "link": "/"
          },
          {
            "query": "candidats législatives 2017 en marche",
            "value": 105750,
            "formattedValue": "Record",
            "link": "/"
          },
          {
            "query": "liste candidats en marche legislatives",
            "value": 94600,
            "formattedValue": "Record",
            "link": "/"
          },
          {
            "query": "liste des candidats legislatives 2017",
            "value": 93250,
            "formattedValue": "Record",
            "link": "/"
          },
          {
            "query": "11 candidats présidentielle",
            "value": 82150,
            "formattedValue": "Record",
            "link": "/"
          },
          {
            "query": "patrimoine candidats 2017",
            "value": 78550,
            "formattedValue": "Record",
            "link": "/"
          },
          {
            "query": "moundir et les apprentis aventuriers 2 candidats",
            "value": 77950,
            "formattedValue": "Record",
            "link": "/"
          },
          {
            "query": "election legislative 2017",
            "value": 69450,
            "formattedValue": "Record",
            "link": "/"
          },
          {
            "query": "candidats législatives france insoumise",
            "value": 67650,
            "formattedValue": "Record",
            "link": "/"
          },
          {
            "query": "candidats republique en marche",
            "value": 67050,
            "formattedValue": "Record",
            "link": "/"
          },
          {
            "query": "liste candidats législatives en marche",
            "value": 57650,
            "formattedValue": "Record",
            "link": "/"
          },
          {
            "query": "11 candidats présidentielle 2017",
            "value": 52850,
            "formattedValue": "Record",
            "link": "/"
          },
          {
            "query": "liste des candidats en marche legislatives",
            "value": 51650,
            "formattedValue": "Record",
            "link": "/"
          },
          {
            "query": "patrimoine candidats présidentielle 2017",
            "value": 47800,
            "formattedValue": "Record",
            "link": "/"
          },
          {
            "query": "patrimoine des candidats à la présidentielle",
            "value": 46300,
            "formattedValue": "Record",
            "link": "/"
          },
          {
            "query": "circonscription législative 2017",
            "value": 45850,
            "formattedValue": "Record",
            "link": "/"
          },
          {
            "query": "déclaration patrimoine candidats",
            "value": 41800,
            "formattedValue": "Record",
            "link": "/"
          },
          {
            "query": "candidat legislative en marche",
            "value": 41600,
            "formattedValue": "Record",
            "link": "/"
          },
          {
            "query": "11 candidats presidentielle",
            "value": 41350,
            "formattedValue": "Record",
            "link": "/"
          }
        ]
      }
    ]
  },
  "keyword": "candidats",
  "region": "France",
  "regionId": "FR"
}