{
  "default": {
    "rankedList": [
      {
        "rankedKeyword": [
          {
            "query": "inscription liste electorale",
            "value": 100,
            "formattedValue": "100",
            "link": "/"
          },
          {
            "query": "liste électorale",
            "value": 45,
            "formattedValue": "45",
            "link": "/"
          },
          {
            "query": "inscription liste électorale",
            "value": 25,
            "formattedValue": "25",
            "link": "/"
          },
          {
            "query": "voter sans etre inscrit liste electorale",
            "value": 10,
            "formattedValue": "10",
            "link": "/"
          },
          {
            "query": "pas inscrit sur liste electorale",
            "value": 5,
            "formattedValue": "5",
            "link": "/"
          },
          {
            "query": "radier liste electorale",
            "value": 5,
            "formattedValue": "5",
            "link": "/"
          }
        ]
      },
      {
        "rankedKeyword": [
          {
            "query": "radier liste electorale",
            "value": 1350,
            "formattedValue": "+1 350 %",
            "link": "/"
          },
          {
            "query": "voter sans etre inscrit liste electorale",
            "value": 1000,
            "formattedValue": "+1 000 %",
            "link": "/"
          },
          {
            "query": "pas inscrit sur liste electorale",
            "value": 950,
            "formattedValue": "+950 %",
            "link": "/"
          }
        ]
      }
    ]
  },
  "keyword": "liste electorale",
  "region": "France",
  "regionId": "FR"
}