{
  "default": {
    "rankedList": [
      {
        "rankedKeyword": [
          {
            "query": "twitter radio londres",
            "value": 100,
            "formattedValue": "100",
            "link": "/"
          },
          {
            "query": "rtbf",
            "value": 60,
            "formattedValue": "60",
            "link": "/"
          },
          {
            "query": "présidentielle 2017",
            "value": 50,
            "formattedValue": "50",
            "link": "/"
          },
          {
            "query": "radio londres présidentielle 2017",
            "value": 45,
            "formattedValue": "45",
            "link": "/"
          },
          {
            "query": "radio londres presidentielle 2017",
            "value": 45,
            "formattedValue": "45",
            "link": "/"
          },
          {
            "query": "le soir",
            "value": 30,
            "formattedValue": "30",
            "link": "/"
          },
          {
            "query": "tribune de geneve",
            "value": 30,
            "formattedValue": "30",
            "link": "/"
          },
          {
            "query": "resultat presidentielle 2017",
            "value": 20,
            "formattedValue": "20",
            "link": "/"
          },
          {
            "query": "la tribune de geneve",
            "value": 20,
            "formattedValue": "20",
            "link": "/"
          },
          {
            "query": "libre belgique",
            "value": 20,
            "formattedValue": "20",
            "link": "/"
          },
          {
            "query": "sondage présidentielle 2017",
            "value": 15,
            "formattedValue": "15",
            "link": "/"
          },
          {
            "query": "radio londres en direct",
            "value": 15,
            "formattedValue": "15",
            "link": "/"
          },
          {
            "query": "resultat election",
            "value": 15,
            "formattedValue": "15",
            "link": "/"
          },
          {
            "query": "rtbf direct",
            "value": 10,
            "formattedValue": "10",
            "link": "/"
          },
          {
            "query": "le temps",
            "value": 10,
            "formattedValue": "10",
            "link": "/"
          },
          {
            "query": "estimation presidentielles 2017",
            "value": 5,
            "formattedValue": "5",
            "link": "/"
          }
        ]
      },
      {
        "rankedKeyword": [
          {
            "query": "présidentielle 2017",
            "value": 564150,
            "formattedValue": "Record",
            "link": "/"
          },
          {
            "query": "radio londres presidentielle 2017",
            "value": 470650,
            "formattedValue": "Record",
            "link": "/"
          },
          {
            "query": "tribune de geneve",
            "value": 301700,
            "formattedValue": "Record",
            "link": "/"
          },
          {
            "query": "resultat presidentielle 2017",
            "value": 231150,
            "formattedValue": "Record",
            "link": "/"
          },
          {
            "query": "la tribune de geneve",
            "value": 213550,
            "formattedValue": "Record",
            "link": "/"
          },
          {
            "query": "sondage présidentielle 2017",
            "value": 186350,
            "formattedValue": "Record",
            "link": "/"
          },
          {
            "query": "le temps",
            "value": 124500,
            "formattedValue": "Record",
            "link": "/"
          },
          {
            "query": "estimation presidentielles 2017",
            "value": 66150,
            "formattedValue": "Record",
            "link": "/"
          },
          {
            "query": "radio londres présidentielle 2017",
            "value": 850,
            "formattedValue": "+850 %",
            "link": "/"
          },
          {
            "query": "rtbf",
            "value": 500,
            "formattedValue": "+500 %",
            "link": "/"
          },
          {
            "query": "libre belgique",
            "value": 300,
            "formattedValue": "+300 %",
            "link": "/"
          },
          {
            "query": "le soir",
            "value": 200,
            "formattedValue": "+200 %",
            "link": "/"
          },
          {
            "query": "resultat election",
            "value": 160,
            "formattedValue": "+160 %",
            "link": "/"
          },
          {
            "query": "rtbf direct",
            "value": 140,
            "formattedValue": "+140 %",
            "link": "/"
          }
        ]
      }
    ]
  },
  "keyword": "radio londres",
  "region": "France",
  "regionId": "FR"
}