{
  "default": {
    "rankedList": [
      {
        "rankedKeyword": [
          {
            "query": "osons causer macron",
            "value": 100,
            "formattedValue": "100",
            "link": "/"
          },
          {
            "query": "osons causer youtube",
            "value": 40,
            "formattedValue": "40",
            "link": "/"
          },
          {
            "query": "osons causer mélenchon",
            "value": 30,
            "formattedValue": "30",
            "link": "/"
          },
          {
            "query": "osons causer ludo",
            "value": 15,
            "formattedValue": "15",
            "link": "/"
          }
        ]
      },
      {
        "rankedKeyword": [
          {
            "query": "osons causer macron",
            "value": 631350,
            "formattedValue": "Record",
            "link": "/"
          },
          {
            "query": "osons causer youtube",
            "value": 140,
            "formattedValue": "+140 %",
            "link": "/"
          },
          {
            "query": "osons causer mélenchon",
            "value": 80,
            "formattedValue": "+80 %",
            "link": "/"
          }
        ]
      }
    ]
  },
  "keyword": "osons causer",
  "region": "France",
  "regionId": "FR"
}