{
  "default": {
    "rankedList": [
      {
        "rankedKeyword": [
          {
            "query": "figaro",
            "value": 100,
            "formattedValue": "100",
            "link": "/"
          },
          {
            "query": "le figaro",
            "value": 85,
            "formattedValue": "85",
            "link": "/"
          },
          {
            "query": "valeurs actuelles",
            "value": 60,
            "formattedValue": "60",
            "link": "/"
          },
          {
            "query": "le point",
            "value": 60,
            "formattedValue": "60",
            "link": "/"
          },
          {
            "query": "le monde",
            "value": 40,
            "formattedValue": "40",
            "link": "/"
          },
          {
            "query": "fillon",
            "value": 40,
            "formattedValue": "40",
            "link": "/"
          },
          {
            "query": "causeur",
            "value": 35,
            "formattedValue": "35",
            "link": "/"
          },
          {
            "query": "le parisien",
            "value": 30,
            "formattedValue": "30",
            "link": "/"
          },
          {
            "query": "jdd",
            "value": 25,
            "formattedValue": "25",
            "link": "/"
          },
          {
            "query": "marianne",
            "value": 25,
            "formattedValue": "25",
            "link": "/"
          },
          {
            "query": "mediapart",
            "value": 20,
            "formattedValue": "20",
            "link": "/"
          },
          {
            "query": "le jdd",
            "value": 20,
            "formattedValue": "20",
            "link": "/"
          },
          {
            "query": "20 minutes",
            "value": 20,
            "formattedValue": "20",
            "link": "/"
          },
          {
            "query": "slate",
            "value": 15,
            "formattedValue": "15",
            "link": "/"
          },
          {
            "query": "les echos",
            "value": 15,
            "formattedValue": "15",
            "link": "/"
          },
          {
            "query": "huffington post",
            "value": 15,
            "formattedValue": "15",
            "link": "/"
          },
          {
            "query": "fdesouche",
            "value": 15,
            "formattedValue": "15",
            "link": "/"
          },
          {
            "query": "atlantico journal",
            "value": 10,
            "formattedValue": "10",
            "link": "/"
          },
          {
            "query": "riposte laique",
            "value": 10,
            "formattedValue": "10",
            "link": "/"
          },
          {
            "query": "paris match",
            "value": 10,
            "formattedValue": "10",
            "link": "/"
          },
          {
            "query": "lefigaro",
            "value": 10,
            "formattedValue": "10",
            "link": "/"
          },
          {
            "query": "atlantico strasbourg",
            "value": 10,
            "formattedValue": "10",
            "link": "/"
          },
          {
            "query": "morandini",
            "value": 5,
            "formattedValue": "5",
            "link": "/"
          },
          {
            "query": "rtl",
            "value": 5,
            "formattedValue": "5",
            "link": "/"
          },
          {
            "query": "sputnik",
            "value": 5,
            "formattedValue": "5",
            "link": "/"
          }
        ]
      },
      {
        "rankedKeyword": [
          {
            "query": "fillon",
            "value": 300,
            "formattedValue": "+300 %",
            "link": "/"
          },
          {
            "query": "valeurs actuelles",
            "value": 170,
            "formattedValue": "+170 %",
            "link": "/"
          },
          {
            "query": "atlantico journal",
            "value": 160,
            "formattedValue": "+160 %",
            "link": "/"
          },
          {
            "query": "les echos",
            "value": 60,
            "formattedValue": "+60 %",
            "link": "/"
          },
          {
            "query": "causeur",
            "value": 60,
            "formattedValue": "+60 %",
            "link": "/"
          },
          {
            "query": "le monde",
            "value": 50,
            "formattedValue": "+50 %",
            "link": "/"
          }
        ]
      }
    ]
  },
  "keyword": "atlantico",
  "region": "France",
  "regionId": "FR"
}