{
  "default": {
    "rankedList": [
      {
        "rankedKeyword": [
          {
            "query": "macron",
            "value": 100,
            "formattedValue": "100",
            "link": "/"
          },
          {
            "query": "macron franc macon",
            "value": 100,
            "formattedValue": "100",
            "link": "/"
          },
          {
            "query": "franc maçon",
            "value": 40,
            "formattedValue": "40",
            "link": "/"
          },
          {
            "query": "illuminati",
            "value": 15,
            "formattedValue": "15",
            "link": "/"
          },
          {
            "query": "mélenchon franc macon",
            "value": 15,
            "formattedValue": "15",
            "link": "/"
          },
          {
            "query": "fillon franc macon",
            "value": 15,
            "formattedValue": "15",
            "link": "/"
          },
          {
            "query": "emmanuel macron franc macon",
            "value": 10,
            "formattedValue": "10",
            "link": "/"
          },
          {
            "query": "melenchon franc macon",
            "value": 10,
            "formattedValue": "10",
            "link": "/"
          },
          {
            "query": "signe franc macon",
            "value": 10,
            "formattedValue": "10",
            "link": "/"
          },
          {
            "query": "franc macon celebre",
            "value": 10,
            "formattedValue": "10",
            "link": "/"
          },
          {
            "query": "macron est il franc macon",
            "value": 10,
            "formattedValue": "10",
            "link": "/"
          },
          {
            "query": "franc macon politique",
            "value": 5,
            "formattedValue": "5",
            "link": "/"
          },
          {
            "query": "edouard philippe franc macon",
            "value": 5,
            "formattedValue": "5",
            "link": "/"
          },
          {
            "query": "richard ferrand franc macon",
            "value": 5,
            "formattedValue": "5",
            "link": "/"
          },
          {
            "query": "macron franc macon ou pas",
            "value": 0,
            "formattedValue": "0",
            "link": "/"
          },
          {
            "query": "melanchon franc macon",
            "value": 0,
            "formattedValue": "0",
            "link": "/"
          },
          {
            "query": "benoit hamon franc macon",
            "value": 0,
            "formattedValue": "0",
            "link": "/"
          }
        ]
      },
      {
        "rankedKeyword": [
          {
            "query": "edouard philippe franc macon",
            "value": 46250,
            "formattedValue": "Record",
            "link": "/"
          },
          {
            "query": "macron franc macon ou pas",
            "value": 24650,
            "formattedValue": "Record",
            "link": "/"
          },
          {
            "query": "benoit hamon franc macon",
            "value": 18850,
            "formattedValue": "Record",
            "link": "/"
          },
          {
            "query": "macron",
            "value": 1450,
            "formattedValue": "+1 450 %",
            "link": "/"
          },
          {
            "query": "melenchon franc macon",
            "value": 1400,
            "formattedValue": "+1 400 %",
            "link": "/"
          },
          {
            "query": "macron franc macon",
            "value": 1250,
            "formattedValue": "+1 250 %",
            "link": "/"
          },
          {
            "query": "mélenchon franc macon",
            "value": 450,
            "formattedValue": "+450 %",
            "link": "/"
          },
          {
            "query": "macron est il franc macon",
            "value": 400,
            "formattedValue": "+400 %",
            "link": "/"
          },
          {
            "query": "emmanuel macron franc macon",
            "value": 400,
            "formattedValue": "+400 %",
            "link": "/"
          },
          {
            "query": "richard ferrand franc macon",
            "value": 350,
            "formattedValue": "+350 %",
            "link": "/"
          },
          {
            "query": "melanchon franc macon",
            "value": 180,
            "formattedValue": "+180 %",
            "link": "/"
          },
          {
            "query": "signe franc macon",
            "value": 60,
            "formattedValue": "+60 %",
            "link": "/"
          },
          {
            "query": "fillon franc macon",
            "value": 60,
            "formattedValue": "+60 %",
            "link": "/"
          }
        ]
      }
    ]
  },
  "keyword": "franc macon",
  "region": "France",
  "regionId": "FR"
}