{
  "default": {
    "rankedList": [
      {
        "rankedKeyword": [
          {
            "query": "mélenchon",
            "value": 100,
            "formattedValue": "100",
            "link": "/"
          },
          {
            "query": "mélenchon hologramme",
            "value": 100,
            "formattedValue": "100",
            "link": "/"
          },
          {
            "query": "melenchon hologramme",
            "value": 70,
            "formattedValue": "70",
            "link": "/"
          },
          {
            "query": "melenchon",
            "value": 65,
            "formattedValue": "65",
            "link": "/"
          },
          {
            "query": "hologramme définition",
            "value": 30,
            "formattedValue": "30",
            "link": "/"
          },
          {
            "query": "un hologramme",
            "value": 25,
            "formattedValue": "25",
            "link": "/"
          },
          {
            "query": "melanchon hologramme",
            "value": 25,
            "formattedValue": "25",
            "link": "/"
          },
          {
            "query": "video hologramme",
            "value": 20,
            "formattedValue": "20",
            "link": "/"
          },
          {
            "query": "hologramme 3d",
            "value": 20,
            "formattedValue": "20",
            "link": "/"
          },
          {
            "query": "spectacle hologramme",
            "value": 15,
            "formattedValue": "15",
            "link": "/"
          },
          {
            "query": "hit parade hologramme",
            "value": 10,
            "formattedValue": "10",
            "link": "/"
          },
          {
            "query": "hologramme definition",
            "value": 5,
            "formattedValue": "5",
            "link": "/"
          },
          {
            "query": "jean luc mélenchon hologramme",
            "value": 5,
            "formattedValue": "5",
            "link": "/"
          },
          {
            "query": "concert hologramme",
            "value": 5,
            "formattedValue": "5",
            "link": "/"
          },
          {
            "query": "jlm hologramme",
            "value": 5,
            "formattedValue": "5",
            "link": "/"
          },
          {
            "query": "hologramme dalida",
            "value": 5,
            "formattedValue": "5",
            "link": "/"
          },
          {
            "query": "spectacle hologramme claude françois",
            "value": 5,
            "formattedValue": "5",
            "link": "/"
          }
        ]
      },
      {
        "rankedKeyword": [
          {
            "query": "mélenchon",
            "value": 1013600,
            "formattedValue": "Record",
            "link": "/"
          },
          {
            "query": "mélenchon hologramme",
            "value": 1002400,
            "formattedValue": "Record",
            "link": "/"
          },
          {
            "query": "melenchon hologramme",
            "value": 700150,
            "formattedValue": "Record",
            "link": "/"
          },
          {
            "query": "melenchon",
            "value": 671350,
            "formattedValue": "Record",
            "link": "/"
          },
          {
            "query": "melanchon hologramme",
            "value": 241100,
            "formattedValue": "Record",
            "link": "/"
          },
          {
            "query": "jean luc mélenchon hologramme",
            "value": 58100,
            "formattedValue": "Record",
            "link": "/"
          },
          {
            "query": "jlm hologramme",
            "value": 42850,
            "formattedValue": "Record",
            "link": "/"
          },
          {
            "query": "hologramme définition",
            "value": 600,
            "formattedValue": "+600 %",
            "link": "/"
          },
          {
            "query": "hologramme definition",
            "value": 180,
            "formattedValue": "+180 %",
            "link": "/"
          },
          {
            "query": "spectacle hologramme claude françois",
            "value": 150,
            "formattedValue": "+150 %",
            "link": "/"
          }
        ]
      }
    ]
  },
  "keyword": "hologramme",
  "region": "France",
  "regionId": "FR"
}