{
  "default": {
    "rankedList": [
      {
        "rankedKeyword": [
          {
            "query": "brigitte macron enfants",
            "value": 100,
            "formattedValue": "100",
            "link": "/"
          },
          {
            "query": "brigitte macron",
            "value": 100,
            "formattedValue": "100",
            "link": "/"
          },
          {
            "query": "enfants de macron",
            "value": 90,
            "formattedValue": "90",
            "link": "/"
          },
          {
            "query": "enfants de brigitte macron",
            "value": 50,
            "formattedValue": "50",
            "link": "/"
          },
          {
            "query": "emmanuel macron",
            "value": 50,
            "formattedValue": "50",
            "link": "/"
          },
          {
            "query": "emmanuel macron enfants",
            "value": 50,
            "formattedValue": "50",
            "link": "/"
          },
          {
            "query": "les enfants de macron",
            "value": 30,
            "formattedValue": "30",
            "link": "/"
          },
          {
            "query": "macron a des enfants",
            "value": 25,
            "formattedValue": "25",
            "link": "/"
          },
          {
            "query": "femme macron",
            "value": 25,
            "formattedValue": "25",
            "link": "/"
          },
          {
            "query": "les enfants de brigitte macron",
            "value": 20,
            "formattedValue": "20",
            "link": "/"
          },
          {
            "query": "macron et ses enfants",
            "value": 15,
            "formattedValue": "15",
            "link": "/"
          },
          {
            "query": "macron a t il des enfants",
            "value": 10,
            "formattedValue": "10",
            "link": "/"
          },
          {
            "query": "femme de macron",
            "value": 10,
            "formattedValue": "10",
            "link": "/"
          },
          {
            "query": "brigitte macron et ses enfants",
            "value": 5,
            "formattedValue": "5",
            "link": "/"
          },
          {
            "query": "macron et sa femme",
            "value": 5,
            "formattedValue": "5",
            "link": "/"
          },
          {
            "query": "age des enfants de brigitte macron",
            "value": 5,
            "formattedValue": "5",
            "link": "/"
          },
          {
            "query": "brigitte macron jeune",
            "value": 5,
            "formattedValue": "5",
            "link": "/"
          }
        ]
      },
      {
        "rankedKeyword": [
          {
            "query": "enfants de brigitte macron",
            "value": 110,
            "formattedValue": "+110 %",
            "link": "/"
          },
          {
            "query": "les enfants de brigitte macron",
            "value": 70,
            "formattedValue": "+70 %",
            "link": "/"
          },
          {
            "query": "age des enfants de brigitte macron",
            "value": 70,
            "formattedValue": "+70 %",
            "link": "/"
          },
          {
            "query": "macron a des enfants",
            "value": 70,
            "formattedValue": "+70 %",
            "link": "/"
          },
          {
            "query": "enfants de macron",
            "value": 50,
            "formattedValue": "+50 %",
            "link": "/"
          },
          {
            "query": "macron a t il des enfants",
            "value": 50,
            "formattedValue": "+50 %",
            "link": "/"
          }
        ]
      }
    ]
  },
  "keyword": "macron enfants",
  "region": "France",
  "regionId": "FR"
}