{
  "default": {
    "rankedList": [
      {
        "rankedKeyword": [
          {
            "query": "macron",
            "value": 100,
            "formattedValue": "100",
            "link": "/"
          },
          {
            "query": "brigitte macron",
            "value": 100,
            "formattedValue": "100",
            "link": "/"
          },
          {
            "query": "bardot brigitte",
            "value": 20,
            "formattedValue": "20",
            "link": "/"
          },
          {
            "query": "age macron",
            "value": 15,
            "formattedValue": "15",
            "link": "/"
          },
          {
            "query": "age macron brigitte",
            "value": 15,
            "formattedValue": "15",
            "link": "/"
          },
          {
            "query": "age brigitte macron",
            "value": 15,
            "formattedValue": "15",
            "link": "/"
          },
          {
            "query": "emmanuel macron",
            "value": 10,
            "formattedValue": "10",
            "link": "/"
          },
          {
            "query": "emmanuel macron brigitte",
            "value": 10,
            "formattedValue": "10",
            "link": "/"
          },
          {
            "query": "brigitte trogneux",
            "value": 10,
            "formattedValue": "10",
            "link": "/"
          },
          {
            "query": "macron jeune",
            "value": 10,
            "formattedValue": "10",
            "link": "/"
          },
          {
            "query": "brigitte macron jeune",
            "value": 10,
            "formattedValue": "10",
            "link": "/"
          },
          {
            "query": "macron et brigitte",
            "value": 5,
            "formattedValue": "5",
            "link": "/"
          },
          {
            "query": "macron femme",
            "value": 5,
            "formattedValue": "5",
            "link": "/"
          },
          {
            "query": "les brigitte",
            "value": 5,
            "formattedValue": "5",
            "link": "/"
          },
          {
            "query": "age de macron brigitte",
            "value": 5,
            "formattedValue": "5",
            "link": "/"
          },
          {
            "query": "age de macron",
            "value": 5,
            "formattedValue": "5",
            "link": "/"
          },
          {
            "query": "brigitte et emmanuel macron",
            "value": 0,
            "formattedValue": "0",
            "link": "/"
          },
          {
            "query": "brigitte macron enfants",
            "value": 0,
            "formattedValue": "0",
            "link": "/"
          },
          {
            "query": "femme de macron",
            "value": 0,
            "formattedValue": "0",
            "link": "/"
          },
          {
            "query": "age brigitte trogneux",
            "value": 0,
            "formattedValue": "0",
            "link": "/"
          },
          {
            "query": "emmanuel macron age",
            "value": 0,
            "formattedValue": "0",
            "link": "/"
          },
          {
            "query": "femme macron age",
            "value": 0,
            "formattedValue": "0",
            "link": "/"
          },
          {
            "query": "brigitte auziere",
            "value": 0,
            "formattedValue": "0",
            "link": "/"
          },
          {
            "query": "brigitte macron fille",
            "value": 0,
            "formattedValue": "0",
            "link": "/"
          },
          {
            "query": "brigitte bijoux",
            "value": 0,
            "formattedValue": "0",
            "link": "/"
          }
        ]
      },
      {
        "rankedKeyword": [
          {
            "query": "age marine le pen",
            "value": 24050,
            "formattedValue": "Record",
            "link": "/"
          },
          {
            "query": "patrick juvet brigitte macron",
            "value": 23750,
            "formattedValue": "Record",
            "link": "/"
          },
          {
            "query": "brigitte macron investiture",
            "value": 21000,
            "formattedValue": "Record",
            "link": "/"
          },
          {
            "query": "charlie hebdo brigitte macron",
            "value": 19100,
            "formattedValue": "Record",
            "link": "/"
          },
          {
            "query": "brigitte macron g7",
            "value": 17200,
            "formattedValue": "Record",
            "link": "/"
          },
          {
            "query": "filles de brigitte macron",
            "value": 16600,
            "formattedValue": "Record",
            "link": "/"
          },
          {
            "query": "veste brigitte macron",
            "value": 15250,
            "formattedValue": "Record",
            "link": "/"
          },
          {
            "query": "brigitte macron bruxelles",
            "value": 14900,
            "formattedValue": "Record",
            "link": "/"
          },
          {
            "query": "fils de brigitte macron",
            "value": 13350,
            "formattedValue": "Record",
            "link": "/"
          },
          {
            "query": "brigitte troadec",
            "value": 13100,
            "formattedValue": "Record",
            "link": "/"
          },
          {
            "query": "age de marine le pen",
            "value": 10300,
            "formattedValue": "Record",
            "link": "/"
          },
          {
            "query": "iggy pop brigitte macron",
            "value": 9850,
            "formattedValue": "Record",
            "link": "/"
          },
          {
            "query": "brigitte macron au maroc",
            "value": 9850,
            "formattedValue": "Record",
            "link": "/"
          },
          {
            "query": "premier mari de brigitte macron",
            "value": 9750,
            "formattedValue": "Record",
            "link": "/"
          },
          {
            "query": "brigitte liso",
            "value": 9600,
            "formattedValue": "Record",
            "link": "/"
          },
          {
            "query": "tailleur brigitte macron",
            "value": 8250,
            "formattedValue": "Record",
            "link": "/"
          },
          {
            "query": "brigitte macron planete des singes",
            "value": 7550,
            "formattedValue": "Record",
            "link": "/"
          },
          {
            "query": "brigitte macron malade",
            "value": 6300,
            "formattedValue": "Record",
            "link": "/"
          },
          {
            "query": "les filles de brigitte macron",
            "value": 3700,
            "formattedValue": "+3 700 %",
            "link": "/"
          },
          {
            "query": "gerard collomb",
            "value": 3200,
            "formattedValue": "+3 200 %",
            "link": "/"
          },
          {
            "query": "brigitte macron fume",
            "value": 2800,
            "formattedValue": "+2 800 %",
            "link": "/"
          },
          {
            "query": "tiphaine auzière",
            "value": 2600,
            "formattedValue": "+2 600 %",
            "link": "/"
          },
          {
            "query": "difference age entre macron et brigitte",
            "value": 2550,
            "formattedValue": "+2 550 %",
            "link": "/"
          },
          {
            "query": "tenue brigitte macron investiture",
            "value": 2550,
            "formattedValue": "+2 550 %",
            "link": "/"
          },
          {
            "query": "filles brigitte macron",
            "value": 2100,
            "formattedValue": "+2 100 %",
            "link": "/"
          }
        ]
      }
    ]
  },
  "keyword": "brigitte",
  "region": "France",
  "regionId": "FR"
}