{
  "default": {
    "rankedList": [
      {
        "rankedKeyword": [
          {
            "query": "presidentielle estimation",
            "value": 100,
            "formattedValue": "100",
            "link": "/"
          },
          {
            "query": "presidentielle",
            "value": 100,
            "formattedValue": "100",
            "link": "/"
          },
          {
            "query": "estimation presidentielles 2017",
            "value": 75,
            "formattedValue": "75",
            "link": "/"
          },
          {
            "query": "estimation presidentielles",
            "value": 75,
            "formattedValue": "75",
            "link": "/"
          },
          {
            "query": "estimation election",
            "value": 40,
            "formattedValue": "40",
            "link": "/"
          },
          {
            "query": "election",
            "value": 35,
            "formattedValue": "35",
            "link": "/"
          },
          {
            "query": "estimation presidentielle 2017",
            "value": 35,
            "formattedValue": "35",
            "link": "/"
          },
          {
            "query": "estimation maison",
            "value": 30,
            "formattedValue": "30",
            "link": "/"
          },
          {
            "query": "estimation présidentielle",
            "value": 25,
            "formattedValue": "25",
            "link": "/"
          },
          {
            "query": "estimation immobilier",
            "value": 25,
            "formattedValue": "25",
            "link": "/"
          },
          {
            "query": "estimation immobiliere",
            "value": 20,
            "formattedValue": "20",
            "link": "/"
          },
          {
            "query": "election 2017",
            "value": 20,
            "formattedValue": "20",
            "link": "/"
          },
          {
            "query": "estimation belgique",
            "value": 20,
            "formattedValue": "20",
            "link": "/"
          },
          {
            "query": "estimation election 2017",
            "value": 20,
            "formattedValue": "20",
            "link": "/"
          },
          {
            "query": "apl estimation",
            "value": 20,
            "formattedValue": "20",
            "link": "/"
          },
          {
            "query": "présidentielle 2017 estimation",
            "value": 20,
            "formattedValue": "20",
            "link": "/"
          },
          {
            "query": "présidentielle 2017",
            "value": 20,
            "formattedValue": "20",
            "link": "/"
          },
          {
            "query": "caf estimation",
            "value": 15,
            "formattedValue": "15",
            "link": "/"
          },
          {
            "query": "estimation loto foot",
            "value": 15,
            "formattedValue": "15",
            "link": "/"
          },
          {
            "query": "election presidentielle",
            "value": 15,
            "formattedValue": "15",
            "link": "/"
          },
          {
            "query": "estimation voiture",
            "value": 15,
            "formattedValue": "15",
            "link": "/"
          },
          {
            "query": "estimation election presidentielle",
            "value": 15,
            "formattedValue": "15",
            "link": "/"
          },
          {
            "query": "estimation vote",
            "value": 15,
            "formattedValue": "15",
            "link": "/"
          },
          {
            "query": "rtbf",
            "value": 15,
            "formattedValue": "15",
            "link": "/"
          },
          {
            "query": "estimation rtbf",
            "value": 15,
            "formattedValue": "15",
            "link": "/"
          }
        ]
      },
      {
        "rankedKeyword": [
          {
            "query": "estimation presidentielle belgique",
            "value": 157700,
            "formattedValue": "Record",
            "link": "/"
          },
          {
            "query": "estimation resultat presidentielle 2017",
            "value": 124700,
            "formattedValue": "Record",
            "link": "/"
          },
          {
            "query": "resultat presidentielle 2017",
            "value": 123500,
            "formattedValue": "Record",
            "link": "/"
          },
          {
            "query": "estimation presidentielle rtbf",
            "value": 88450,
            "formattedValue": "Record",
            "link": "/"
          },
          {
            "query": "estimation presidentielles 2017 rtbf",
            "value": 71650,
            "formattedValue": "Record",
            "link": "/"
          },
          {
            "query": "estimation presidentielles 2017 belgique",
            "value": 68250,
            "formattedValue": "Record",
            "link": "/"
          },
          {
            "query": "estimation presidentielles 2017",
            "value": 61950,
            "formattedValue": "Record",
            "link": "/"
          },
          {
            "query": "estimation presidentielle 2017 france",
            "value": 60100,
            "formattedValue": "Record",
            "link": "/"
          },
          {
            "query": "election estimation belgique",
            "value": 57600,
            "formattedValue": "Record",
            "link": "/"
          },
          {
            "query": "premiere estimation presidentielle",
            "value": 47800,
            "formattedValue": "Record",
            "link": "/"
          },
          {
            "query": "resultat election presidentielle 2017",
            "value": 42950,
            "formattedValue": "Record",
            "link": "/"
          },
          {
            "query": "estimation presidentielles",
            "value": 40700,
            "formattedValue": "Record",
            "link": "/"
          },
          {
            "query": "election presidentielle 2017 date",
            "value": 33950,
            "formattedValue": "Record",
            "link": "/"
          },
          {
            "query": "estimation premier tour 2017",
            "value": 33550,
            "formattedValue": "Record",
            "link": "/"
          },
          {
            "query": "estimation vote presidentielle 2017",
            "value": 28650,
            "formattedValue": "Record",
            "link": "/"
          },
          {
            "query": "radio londres",
            "value": 28250,
            "formattedValue": "Record",
            "link": "/"
          },
          {
            "query": "rtbf estimation election france",
            "value": 26450,
            "formattedValue": "Record",
            "link": "/"
          },
          {
            "query": "estimation 2eme tour presidentielle",
            "value": 26250,
            "formattedValue": "Record",
            "link": "/"
          },
          {
            "query": "vote présidentielle 2017",
            "value": 25700,
            "formattedValue": "Record",
            "link": "/"
          },
          {
            "query": "estimation vote election 2017",
            "value": 19000,
            "formattedValue": "Record",
            "link": "/"
          },
          {
            "query": "estimation second tour presidentielle 2017",
            "value": 17950,
            "formattedValue": "Record",
            "link": "/"
          },
          {
            "query": "premiere estimation présidentielle 2017",
            "value": 14800,
            "formattedValue": "Record",
            "link": "/"
          },
          {
            "query": "premiere estimation election presidentielle 2017",
            "value": 14600,
            "formattedValue": "Record",
            "link": "/"
          },
          {
            "query": "estimation 1er tour présidentielle 2017",
            "value": 12650,
            "formattedValue": "Record",
            "link": "/"
          },
          {
            "query": "estimation de vote presidentielle 2017",
            "value": 10150,
            "formattedValue": "Record",
            "link": "/"
          }
        ]
      }
    ]
  },
  "keyword": "estimation",
  "region": "France",
  "regionId": "FR"
}