{
  "default": {
    "rankedList": [
      {
        "rankedKeyword": [
          {
            "query": "voter sans carte electorale",
            "value": 100,
            "formattedValue": "100",
            "link": "/"
          },
          {
            "query": "peut on voter sans carte electorale",
            "value": 45,
            "formattedValue": "45",
            "link": "/"
          },
          {
            "query": "carte electorale obligatoire",
            "value": 35,
            "formattedValue": "35",
            "link": "/"
          },
          {
            "query": "voter sans carte électorale",
            "value": 15,
            "formattedValue": "15",
            "link": "/"
          },
          {
            "query": "carte electorale non recue",
            "value": 10,
            "formattedValue": "10",
            "link": "/"
          },
          {
            "query": "validité carte electorale",
            "value": 10,
            "formattedValue": "10",
            "link": "/"
          }
        ]
      },
      {
        "rankedKeyword": [
          {
            "query": "voter sans carte electorale",
            "value": 1500,
            "formattedValue": "+1 500 %",
            "link": "/"
          },
          {
            "query": "carte electorale obligatoire",
            "value": 950,
            "formattedValue": "+950 %",
            "link": "/"
          },
          {
            "query": "peut on voter sans carte electorale",
            "value": 900,
            "formattedValue": "+900 %",
            "link": "/"
          },
          {
            "query": "voter sans carte électorale",
            "value": 300,
            "formattedValue": "+300 %",
            "link": "/"
          },
          {
            "query": "carte electorale non recue",
            "value": 250,
            "formattedValue": "+250 %",
            "link": "/"
          }
        ]
      }
    ]
  },
  "keyword": "carte electorale",
  "region": "France",
  "regionId": "FR"
}