{
  "default": {
    "timelineData": [
      {
        "time": "1483228800",
        "formattedTime": "1 janv. 2017",
        "formattedAxisTime": "1 janv. 2017",
        "value": [
          0,
          40
        ],
        "formattedValue": [
          "0",
          "40"
        ],
        "isPartial": true
      },
      {
        "time": "1483315200",
        "formattedTime": "2 janv. 2017",
        "formattedAxisTime": "2 janv. 2017",
        "value": [
          0,
          34
        ],
        "formattedValue": [
          "0",
          "34"
        ],
        "isPartial": true
      },
      {
        "time": "1483401600",
        "formattedTime": "3 janv. 2017",
        "formattedAxisTime": "3 janv. 2017",
        "value": [
          0,
          32
        ],
        "formattedValue": [
          "0",
          "32"
        ],
        "isPartial": true
      },
      {
        "time": "1483488000",
        "formattedTime": "4 janv. 2017",
        "formattedAxisTime": "4 janv. 2017",
        "value": [
          0,
          44
        ],
        "formattedValue": [
          "0",
          "44"
        ],
        "isPartial": true
      },
      {
        "time": "1483574400",
        "formattedTime": "5 janv. 2017",
        "formattedAxisTime": "5 janv. 2017",
        "value": [
          0,
          33
        ],
        "formattedValue": [
          "0",
          "33"
        ],
        "isPartial": true
      },
      {
        "time": "1483660800",
        "formattedTime": "6 janv. 2017",
        "formattedAxisTime": "6 janv. 2017",
        "value": [
          0,
          40
        ],
        "formattedValue": [
          "0",
          "40"
        ],
        "isPartial": true
      },
      {
        "time": "1483747200",
        "formattedTime": "7 janv. 2017",
        "formattedAxisTime": "7 janv. 2017",
        "value": [
          0,
          47
        ],
        "formattedValue": [
          "0",
          "47"
        ],
        "isPartial": true
      },
      {
        "time": "1483833600",
        "formattedTime": "8 janv. 2017",
        "formattedAxisTime": "8 janv. 2017",
        "value": [
          0,
          52
        ],
        "formattedValue": [
          "0",
          "52"
        ],
        "isPartial": true
      },
      {
        "time": "1483920000",
        "formattedTime": "9 janv. 2017",
        "formattedAxisTime": "9 janv. 2017",
        "value": [
          0,
          35
        ],
        "formattedValue": [
          "0",
          "35"
        ],
        "isPartial": true
      },
      {
        "time": "1484006400",
        "formattedTime": "10 janv. 2017",
        "formattedAxisTime": "10 janv. 2017",
        "value": [
          0,
          33
        ],
        "formattedValue": [
          "0",
          "33"
        ],
        "isPartial": true
      },
      {
        "time": "1484092800",
        "formattedTime": "11 janv. 2017",
        "formattedAxisTime": "11 janv. 2017",
        "value": [
          0,
          34
        ],
        "formattedValue": [
          "0",
          "34"
        ],
        "isPartial": true
      },
      {
        "time": "1484179200",
        "formattedTime": "12 janv. 2017",
        "formattedAxisTime": "12 janv. 2017",
        "value": [
          0,
          32
        ],
        "formattedValue": [
          "0",
          "32"
        ],
        "isPartial": true
      },
      {
        "time": "1484265600",
        "formattedTime": "13 janv. 2017",
        "formattedAxisTime": "13 janv. 2017",
        "value": [
          0,
          35
        ],
        "formattedValue": [
          "0",
          "35"
        ],
        "isPartial": true
      },
      {
        "time": "1484352000",
        "formattedTime": "14 janv. 2017",
        "formattedAxisTime": "14 janv. 2017",
        "value": [
          0,
          44
        ],
        "formattedValue": [
          "0",
          "44"
        ],
        "isPartial": true
      },
      {
        "time": "1484438400",
        "formattedTime": "15 janv. 2017",
        "formattedAxisTime": "15 janv. 2017",
        "value": [
          0,
          49
        ],
        "formattedValue": [
          "0",
          "49"
        ],
        "isPartial": true
      },
      {
        "time": "1484524800",
        "formattedTime": "16 janv. 2017",
        "formattedAxisTime": "16 janv. 2017",
        "value": [
          0,
          34
        ],
        "formattedValue": [
          "0",
          "34"
        ],
        "isPartial": true
      },
      {
        "time": "1484611200",
        "formattedTime": "17 janv. 2017",
        "formattedAxisTime": "17 janv. 2017",
        "value": [
          0,
          37
        ],
        "formattedValue": [
          "0",
          "37"
        ],
        "isPartial": true
      },
      {
        "time": "1484697600",
        "formattedTime": "18 janv. 2017",
        "formattedAxisTime": "18 janv. 2017",
        "value": [
          0,
          36
        ],
        "formattedValue": [
          "0",
          "36"
        ],
        "isPartial": true
      },
      {
        "time": "1484784000",
        "formattedTime": "19 janv. 2017",
        "formattedAxisTime": "19 janv. 2017",
        "value": [
          0,
          36
        ],
        "formattedValue": [
          "0",
          "36"
        ],
        "isPartial": true
      },
      {
        "time": "1484870400",
        "formattedTime": "20 janv. 2017",
        "formattedAxisTime": "20 janv. 2017",
        "value": [
          0,
          40
        ],
        "formattedValue": [
          "0",
          "40"
        ],
        "isPartial": true
      },
      {
        "time": "1484956800",
        "formattedTime": "21 janv. 2017",
        "formattedAxisTime": "21 janv. 2017",
        "value": [
          0,
          48
        ],
        "formattedValue": [
          "0",
          "48"
        ],
        "isPartial": true
      },
      {
        "time": "1485043200",
        "formattedTime": "22 janv. 2017",
        "formattedAxisTime": "22 janv. 2017",
        "value": [
          0,
          48
        ],
        "formattedValue": [
          "0",
          "48"
        ],
        "isPartial": true
      },
      {
        "time": "1485129600",
        "formattedTime": "23 janv. 2017",
        "formattedAxisTime": "23 janv. 2017",
        "value": [
          0,
          34
        ],
        "formattedValue": [
          "0",
          "34"
        ],
        "isPartial": true
      },
      {
        "time": "1485216000",
        "formattedTime": "24 janv. 2017",
        "formattedAxisTime": "24 janv. 2017",
        "value": [
          0,
          35
        ],
        "formattedValue": [
          "0",
          "35"
        ],
        "isPartial": true
      },
      {
        "time": "1485302400",
        "formattedTime": "25 janv. 2017",
        "formattedAxisTime": "25 janv. 2017",
        "value": [
          0,
          43
        ],
        "formattedValue": [
          "0",
          "43"
        ],
        "isPartial": true
      },
      {
        "time": "1485388800",
        "formattedTime": "26 janv. 2017",
        "formattedAxisTime": "26 janv. 2017",
        "value": [
          0,
          36
        ],
        "formattedValue": [
          "0",
          "36"
        ],
        "isPartial": true
      },
      {
        "time": "1485475200",
        "formattedTime": "27 janv. 2017",
        "formattedAxisTime": "27 janv. 2017",
        "value": [
          0,
          36
        ],
        "formattedValue": [
          "0",
          "36"
        ]
      },
      {
        "time": "1485561600",
        "formattedTime": "28 janv. 2017",
        "formattedAxisTime": "28 janv. 2017",
        "value": [
          0,
          49
        ],
        "formattedValue": [
          "0",
          "49"
        ],
        "isPartial": true
      },
      {
        "time": "1485648000",
        "formattedTime": "29 janv. 2017",
        "formattedAxisTime": "29 janv. 2017",
        "value": [
          0,
          48
        ],
        "formattedValue": [
          "0",
          "48"
        ],
        "isPartial": true
      },
      {
        "time": "1485734400",
        "formattedTime": "30 janv. 2017",
        "formattedAxisTime": "30 janv. 2017",
        "value": [
          0,
          35
        ],
        "formattedValue": [
          "0",
          "35"
        ],
        "isPartial": true
      },
      {
        "time": "1485820800",
        "formattedTime": "31 janv. 2017",
        "formattedAxisTime": "31 janv. 2017",
        "value": [
          0,
          32
        ],
        "formattedValue": [
          "0",
          "32"
        ],
        "isPartial": true
      },
      {
        "time": "1485907200",
        "formattedTime": "1 févr. 2017",
        "formattedAxisTime": "1 févr. 2017",
        "value": [
          0,
          38
        ],
        "formattedValue": [
          "0",
          "38"
        ]
      },
      {
        "time": "1485993600",
        "formattedTime": "2 févr. 2017",
        "formattedAxisTime": "2 févr. 2017",
        "value": [
          0,
          31
        ],
        "formattedValue": [
          "0",
          "31"
        ],
        "isPartial": true
      },
      {
        "time": "1486080000",
        "formattedTime": "3 févr. 2017",
        "formattedAxisTime": "3 févr. 2017",
        "value": [
          0,
          35
        ],
        "formattedValue": [
          "0",
          "35"
        ],
        "isPartial": true
      },
      {
        "time": "1486166400",
        "formattedTime": "4 févr. 2017",
        "formattedAxisTime": "4 févr. 2017",
        "value": [
          0,
          49
        ],
        "formattedValue": [
          "0",
          "49"
        ],
        "isPartial": true
      },
      {
        "time": "1486252800",
        "formattedTime": "5 févr. 2017",
        "formattedAxisTime": "5 févr. 2017",
        "value": [
          0,
          49
        ],
        "formattedValue": [
          "0",
          "49"
        ],
        "isPartial": true
      },
      {
        "time": "1486339200",
        "formattedTime": "6 févr. 2017",
        "formattedAxisTime": "6 févr. 2017",
        "value": [
          0,
          33
        ],
        "formattedValue": [
          "0",
          "33"
        ],
        "isPartial": true
      },
      {
        "time": "1486425600",
        "formattedTime": "7 févr. 2017",
        "formattedAxisTime": "7 févr. 2017",
        "value": [
          0,
          35
        ],
        "formattedValue": [
          "0",
          "35"
        ],
        "isPartial": true
      },
      {
        "time": "1486512000",
        "formattedTime": "8 févr. 2017",
        "formattedAxisTime": "8 févr. 2017",
        "value": [
          0,
          36
        ],
        "formattedValue": [
          "0",
          "36"
        ],
        "isPartial": true
      },
      {
        "time": "1486598400",
        "formattedTime": "9 févr. 2017",
        "formattedAxisTime": "9 févr. 2017",
        "value": [
          0,
          37
        ],
        "formattedValue": [
          "0",
          "37"
        ],
        "isPartial": true
      },
      {
        "time": "1486684800",
        "formattedTime": "10 févr. 2017",
        "formattedAxisTime": "10 févr. 2017",
        "value": [
          0,
          37
        ],
        "formattedValue": [
          "0",
          "37"
        ],
        "isPartial": true
      },
      {
        "time": "1486771200",
        "formattedTime": "11 févr. 2017",
        "formattedAxisTime": "11 févr. 2017",
        "value": [
          0,
          52
        ],
        "formattedValue": [
          "0",
          "52"
        ]
      },
      {
        "time": "1486857600",
        "formattedTime": "12 févr. 2017",
        "formattedAxisTime": "12 févr. 2017",
        "value": [
          0,
          52
        ],
        "formattedValue": [
          "0",
          "52"
        ],
        "isPartial": true
      },
      {
        "time": "1486944000",
        "formattedTime": "13 févr. 2017",
        "formattedAxisTime": "13 févr. 2017",
        "value": [
          0,
          37
        ],
        "formattedValue": [
          "0",
          "37"
        ],
        "isPartial": true
      },
      {
        "time": "1487030400",
        "formattedTime": "14 févr. 2017",
        "formattedAxisTime": "14 févr. 2017",
        "value": [
          0,
          35
        ],
        "formattedValue": [
          "0",
          "35"
        ],
        "isPartial": true
      },
      {
        "time": "1487116800",
        "formattedTime": "15 févr. 2017",
        "formattedAxisTime": "15 févr. 2017",
        "value": [
          0,
          39
        ],
        "formattedValue": [
          "0",
          "39"
        ],
        "isPartial": true
      },
      {
        "time": "1487203200",
        "formattedTime": "16 févr. 2017",
        "formattedAxisTime": "16 févr. 2017",
        "value": [
          0,
          39
        ],
        "formattedValue": [
          "0",
          "39"
        ],
        "isPartial": true
      },
      {
        "time": "1487289600",
        "formattedTime": "17 févr. 2017",
        "formattedAxisTime": "17 févr. 2017",
        "value": [
          0,
          36
        ],
        "formattedValue": [
          "0",
          "36"
        ],
        "isPartial": true
      },
      {
        "time": "1487376000",
        "formattedTime": "18 févr. 2017",
        "formattedAxisTime": "18 févr. 2017",
        "value": [
          0,
          46
        ],
        "formattedValue": [
          "0",
          "46"
        ],
        "isPartial": true
      },
      {
        "time": "1487462400",
        "formattedTime": "19 févr. 2017",
        "formattedAxisTime": "19 févr. 2017",
        "value": [
          0,
          51
        ],
        "formattedValue": [
          "0",
          "51"
        ],
        "isPartial": true
      },
      {
        "time": "1487548800",
        "formattedTime": "20 févr. 2017",
        "formattedAxisTime": "20 févr. 2017",
        "value": [
          0,
          38
        ],
        "formattedValue": [
          "0",
          "38"
        ],
        "isPartial": true
      },
      {
        "time": "1487635200",
        "formattedTime": "21 févr. 2017",
        "formattedAxisTime": "21 févr. 2017",
        "value": [
          0,
          41
        ],
        "formattedValue": [
          "0",
          "41"
        ],
        "isPartial": true
      },
      {
        "time": "1487721600",
        "formattedTime": "22 févr. 2017",
        "formattedAxisTime": "22 févr. 2017",
        "value": [
          0,
          37
        ],
        "formattedValue": [
          "0",
          "37"
        ]
      },
      {
        "time": "1487808000",
        "formattedTime": "23 févr. 2017",
        "formattedAxisTime": "23 févr. 2017",
        "value": [
          0,
          39
        ],
        "formattedValue": [
          "0",
          "39"
        ],
        "isPartial": true
      },
      {
        "time": "1487894400",
        "formattedTime": "24 févr. 2017",
        "formattedAxisTime": "24 févr. 2017",
        "value": [
          0,
          41
        ],
        "formattedValue": [
          "0",
          "41"
        ],
        "isPartial": true
      },
      {
        "time": "1487980800",
        "formattedTime": "25 févr. 2017",
        "formattedAxisTime": "25 févr. 2017",
        "value": [
          0,
          50
        ],
        "formattedValue": [
          "0",
          "50"
        ],
        "isPartial": true
      },
      {
        "time": "1488067200",
        "formattedTime": "26 févr. 2017",
        "formattedAxisTime": "26 févr. 2017",
        "value": [
          0,
          49
        ],
        "formattedValue": [
          "0",
          "49"
        ],
        "isPartial": true
      },
      {
        "time": "1488153600",
        "formattedTime": "27 févr. 2017",
        "formattedAxisTime": "27 févr. 2017",
        "value": [
          0,
          36
        ],
        "formattedValue": [
          "0",
          "36"
        ],
        "isPartial": true
      },
      {
        "time": "1488240000",
        "formattedTime": "28 févr. 2017",
        "formattedAxisTime": "28 févr. 2017",
        "value": [
          0,
          39
        ],
        "formattedValue": [
          "0",
          "39"
        ],
        "isPartial": true
      },
      {
        "time": "1488326400",
        "formattedTime": "1 mars 2017",
        "formattedAxisTime": "1 mars 2017",
        "value": [
          0,
          39
        ],
        "formattedValue": [
          "0",
          "39"
        ]
      },
      {
        "time": "1488412800",
        "formattedTime": "2 mars 2017",
        "formattedAxisTime": "2 mars 2017",
        "value": [
          0,
          39
        ],
        "formattedValue": [
          "0",
          "39"
        ]
      },
      {
        "time": "1488499200",
        "formattedTime": "3 mars 2017",
        "formattedAxisTime": "3 mars 2017",
        "value": [
          0,
          36
        ],
        "formattedValue": [
          "0",
          "36"
        ]
      },
      {
        "time": "1488585600",
        "formattedTime": "4 mars 2017",
        "formattedAxisTime": "4 mars 2017",
        "value": [
          0,
          50
        ],
        "formattedValue": [
          "0",
          "50"
        ]
      },
      {
        "time": "1488672000",
        "formattedTime": "5 mars 2017",
        "formattedAxisTime": "5 mars 2017",
        "value": [
          0,
          53
        ],
        "formattedValue": [
          "0",
          "53"
        ]
      },
      {
        "time": "1488758400",
        "formattedTime": "6 mars 2017",
        "formattedAxisTime": "6 mars 2017",
        "value": [
          1,
          36
        ],
        "formattedValue": [
          "1",
          "36"
        ]
      },
      {
        "time": "1488844800",
        "formattedTime": "7 mars 2017",
        "formattedAxisTime": "7 mars 2017",
        "value": [
          2,
          37
        ],
        "formattedValue": [
          "2",
          "37"
        ]
      },
      {
        "time": "1488931200",
        "formattedTime": "8 mars 2017",
        "formattedAxisTime": "8 mars 2017",
        "value": [
          5,
          37
        ],
        "formattedValue": [
          "5",
          "37"
        ]
      },
      {
        "time": "1489017600",
        "formattedTime": "9 mars 2017",
        "formattedAxisTime": "9 mars 2017",
        "value": [
          2,
          39
        ],
        "formattedValue": [
          "2",
          "39"
        ]
      },
      {
        "time": "1489104000",
        "formattedTime": "10 mars 2017",
        "formattedAxisTime": "10 mars 2017",
        "value": [
          1,
          36
        ],
        "formattedValue": [
          "1",
          "36"
        ]
      },
      {
        "time": "1489190400",
        "formattedTime": "11 mars 2017",
        "formattedAxisTime": "11 mars 2017",
        "value": [
          1,
          53
        ],
        "formattedValue": [
          "1",
          "53"
        ]
      },
      {
        "time": "1489276800",
        "formattedTime": "12 mars 2017",
        "formattedAxisTime": "12 mars 2017",
        "value": [
          0,
          58
        ],
        "formattedValue": [
          "0",
          "58"
        ]
      },
      {
        "time": "1489363200",
        "formattedTime": "13 mars 2017",
        "formattedAxisTime": "13 mars 2017",
        "value": [
          0,
          38
        ],
        "formattedValue": [
          "0",
          "38"
        ]
      },
      {
        "time": "1489449600",
        "formattedTime": "14 mars 2017",
        "formattedAxisTime": "14 mars 2017",
        "value": [
          1,
          38
        ],
        "formattedValue": [
          "1",
          "38"
        ]
      },
      {
        "time": "1489536000",
        "formattedTime": "15 mars 2017",
        "formattedAxisTime": "15 mars 2017",
        "value": [
          0,
          40
        ],
        "formattedValue": [
          "0",
          "40"
        ]
      },
      {
        "time": "1489622400",
        "formattedTime": "16 mars 2017",
        "formattedAxisTime": "16 mars 2017",
        "value": [
          0,
          38
        ],
        "formattedValue": [
          "0",
          "38"
        ]
      },
      {
        "time": "1489708800",
        "formattedTime": "17 mars 2017",
        "formattedAxisTime": "17 mars 2017",
        "value": [
          0,
          34
        ],
        "formattedValue": [
          "0",
          "34"
        ]
      },
      {
        "time": "1489795200",
        "formattedTime": "18 mars 2017",
        "formattedAxisTime": "18 mars 2017",
        "value": [
          0,
          54
        ],
        "formattedValue": [
          "0",
          "54"
        ],
        "isPartial": true
      },
      {
        "time": "1489881600",
        "formattedTime": "19 mars 2017",
        "formattedAxisTime": "19 mars 2017",
        "value": [
          0,
          52
        ],
        "formattedValue": [
          "0",
          "52"
        ]
      },
      {
        "time": "1489968000",
        "formattedTime": "20 mars 2017",
        "formattedAxisTime": "20 mars 2017",
        "value": [
          2,
          41
        ],
        "formattedValue": [
          "2",
          "41"
        ]
      },
      {
        "time": "1490054400",
        "formattedTime": "21 mars 2017",
        "formattedAxisTime": "21 mars 2017",
        "value": [
          1,
          38
        ],
        "formattedValue": [
          "1",
          "38"
        ]
      },
      {
        "time": "1490140800",
        "formattedTime": "22 mars 2017",
        "formattedAxisTime": "22 mars 2017",
        "value": [
          1,
          39
        ],
        "formattedValue": [
          "1",
          "39"
        ]
      },
      {
        "time": "1490227200",
        "formattedTime": "23 mars 2017",
        "formattedAxisTime": "23 mars 2017",
        "value": [
          0,
          40
        ],
        "formattedValue": [
          "0",
          "40"
        ]
      },
      {
        "time": "1490313600",
        "formattedTime": "24 mars 2017",
        "formattedAxisTime": "24 mars 2017",
        "value": [
          0,
          41
        ],
        "formattedValue": [
          "0",
          "41"
        ]
      },
      {
        "time": "1490400000",
        "formattedTime": "25 mars 2017",
        "formattedAxisTime": "25 mars 2017",
        "value": [
          0,
          49
        ],
        "formattedValue": [
          "0",
          "49"
        ]
      },
      {
        "time": "1490486400",
        "formattedTime": "26 mars 2017",
        "formattedAxisTime": "26 mars 2017",
        "value": [
          0,
          55
        ],
        "formattedValue": [
          "0",
          "55"
        ],
        "isPartial": true
      },
      {
        "time": "1490572800",
        "formattedTime": "27 mars 2017",
        "formattedAxisTime": "27 mars 2017",
        "value": [
          0,
          41
        ],
        "formattedValue": [
          "0",
          "41"
        ]
      },
      {
        "time": "1490659200",
        "formattedTime": "28 mars 2017",
        "formattedAxisTime": "28 mars 2017",
        "value": [
          0,
          36
        ],
        "formattedValue": [
          "0",
          "36"
        ],
        "isPartial": true
      },
      {
        "time": "1490745600",
        "formattedTime": "29 mars 2017",
        "formattedAxisTime": "29 mars 2017",
        "value": [
          0,
          45
        ],
        "formattedValue": [
          "0",
          "45"
        ]
      },
      {
        "time": "1490832000",
        "formattedTime": "30 mars 2017",
        "formattedAxisTime": "30 mars 2017",
        "value": [
          0,
          37
        ],
        "formattedValue": [
          "0",
          "37"
        ],
        "isPartial": true
      },
      {
        "time": "1490918400",
        "formattedTime": "31 mars 2017",
        "formattedAxisTime": "31 mars 2017",
        "value": [
          0,
          44
        ],
        "formattedValue": [
          "0",
          "44"
        ],
        "isPartial": true
      },
      {
        "time": "1491004800",
        "formattedTime": "1 avr. 2017",
        "formattedAxisTime": "1 avr. 2017",
        "value": [
          0,
          56
        ],
        "formattedValue": [
          "0",
          "56"
        ]
      },
      {
        "time": "1491091200",
        "formattedTime": "2 avr. 2017",
        "formattedAxisTime": "2 avr. 2017",
        "value": [
          0,
          58
        ],
        "formattedValue": [
          "0",
          "58"
        ]
      },
      {
        "time": "1491177600",
        "formattedTime": "3 avr. 2017",
        "formattedAxisTime": "3 avr. 2017",
        "value": [
          0,
          45
        ],
        "formattedValue": [
          "0",
          "45"
        ]
      },
      {
        "time": "1491264000",
        "formattedTime": "4 avr. 2017",
        "formattedAxisTime": "4 avr. 2017",
        "value": [
          0,
          46
        ],
        "formattedValue": [
          "0",
          "46"
        ]
      },
      {
        "time": "1491350400",
        "formattedTime": "5 avr. 2017",
        "formattedAxisTime": "5 avr. 2017",
        "value": [
          0,
          46
        ],
        "formattedValue": [
          "0",
          "46"
        ]
      },
      {
        "time": "1491436800",
        "formattedTime": "6 avr. 2017",
        "formattedAxisTime": "6 avr. 2017",
        "value": [
          0,
          47
        ],
        "formattedValue": [
          "0",
          "47"
        ]
      },
      {
        "time": "1491523200",
        "formattedTime": "7 avr. 2017",
        "formattedAxisTime": "7 avr. 2017",
        "value": [
          0,
          45
        ],
        "formattedValue": [
          "0",
          "45"
        ],
        "isPartial": true
      },
      {
        "time": "1491609600",
        "formattedTime": "8 avr. 2017",
        "formattedAxisTime": "8 avr. 2017",
        "value": [
          0,
          58
        ],
        "formattedValue": [
          "0",
          "58"
        ],
        "isPartial": true
      },
      {
        "time": "1491696000",
        "formattedTime": "9 avr. 2017",
        "formattedAxisTime": "9 avr. 2017",
        "value": [
          0,
          55
        ],
        "formattedValue": [
          "0",
          "55"
        ],
        "isPartial": true
      },
      {
        "time": "1491782400",
        "formattedTime": "10 avr. 2017",
        "formattedAxisTime": "10 avr. 2017",
        "value": [
          0,
          44
        ],
        "formattedValue": [
          "0",
          "44"
        ],
        "isPartial": true
      },
      {
        "time": "1491868800",
        "formattedTime": "11 avr. 2017",
        "formattedAxisTime": "11 avr. 2017",
        "value": [
          0,
          50
        ],
        "formattedValue": [
          "0",
          "50"
        ],
        "isPartial": true
      },
      {
        "time": "1491955200",
        "formattedTime": "12 avr. 2017",
        "formattedAxisTime": "12 avr. 2017",
        "value": [
          0,
          52
        ],
        "formattedValue": [
          "0",
          "52"
        ],
        "isPartial": true
      },
      {
        "time": "1492041600",
        "formattedTime": "13 avr. 2017",
        "formattedAxisTime": "13 avr. 2017",
        "value": [
          0,
          54
        ],
        "formattedValue": [
          "0",
          "54"
        ],
        "isPartial": true
      },
      {
        "time": "1492128000",
        "formattedTime": "14 avr. 2017",
        "formattedAxisTime": "14 avr. 2017",
        "value": [
          0,
          66
        ],
        "formattedValue": [
          "0",
          "66"
        ],
        "isPartial": true
      },
      {
        "time": "1492214400",
        "formattedTime": "15 avr. 2017",
        "formattedAxisTime": "15 avr. 2017",
        "value": [
          0,
          87
        ],
        "formattedValue": [
          "0",
          "87"
        ],
        "isPartial": true
      },
      {
        "time": "1492300800",
        "formattedTime": "16 avr. 2017",
        "formattedAxisTime": "16 avr. 2017",
        "value": [
          0,
          100
        ],
        "formattedValue": [
          "0",
          "100"
        ],
        "isPartial": true
      },
      {
        "time": "1492387200",
        "formattedTime": "17 avr. 2017",
        "formattedAxisTime": "17 avr. 2017",
        "value": [
          0,
          65
        ],
        "formattedValue": [
          "0",
          "65"
        ],
        "isPartial": true
      },
      {
        "time": "1492473600",
        "formattedTime": "18 avr. 2017",
        "formattedAxisTime": "18 avr. 2017",
        "value": [
          0,
          41
        ],
        "formattedValue": [
          "0",
          "41"
        ],
        "isPartial": true
      },
      {
        "time": "1492560000",
        "formattedTime": "19 avr. 2017",
        "formattedAxisTime": "19 avr. 2017",
        "value": [
          0,
          43
        ],
        "formattedValue": [
          "0",
          "43"
        ],
        "isPartial": true
      },
      {
        "time": "1492646400",
        "formattedTime": "20 avr. 2017",
        "formattedAxisTime": "20 avr. 2017",
        "value": [
          0,
          38
        ],
        "formattedValue": [
          "0",
          "38"
        ],
        "isPartial": true
      },
      {
        "time": "1492732800",
        "formattedTime": "21 avr. 2017",
        "formattedAxisTime": "21 avr. 2017",
        "value": [
          0,
          41
        ],
        "formattedValue": [
          "0",
          "41"
        ],
        "isPartial": true
      },
      {
        "time": "1492819200",
        "formattedTime": "22 avr. 2017",
        "formattedAxisTime": "22 avr. 2017",
        "value": [
          0,
          52
        ],
        "formattedValue": [
          "0",
          "52"
        ],
        "isPartial": true
      },
      {
        "time": "1492905600",
        "formattedTime": "23 avr. 2017",
        "formattedAxisTime": "23 avr. 2017",
        "value": [
          0,
          42
        ],
        "formattedValue": [
          "0",
          "42"
        ],
        "isPartial": true
      },
      {
        "time": "1492992000",
        "formattedTime": "24 avr. 2017",
        "formattedAxisTime": "24 avr. 2017",
        "value": [
          0,
          33
        ],
        "formattedValue": [
          "0",
          "33"
        ]
      }
    ],
    "averages": [
      0,
      43
    ]
  },
  "keyword": "hamon mis en examen",
  "region": "France",
  "regionId": "FR"
}