{
  "default": {
    "timelineData": [
      {
        "time": "1483228800",
        "formattedTime": "1 janv. 2017",
        "formattedAxisTime": "1 janv. 2017",
        "value": [
          1,
          1
        ],
        "formattedValue": [
          "1",
          "1"
        ]
      },
      {
        "time": "1483315200",
        "formattedTime": "2 janv. 2017",
        "formattedAxisTime": "2 janv. 2017",
        "value": [
          1,
          0
        ],
        "formattedValue": [
          "1",
          "0"
        ]
      },
      {
        "time": "1483401600",
        "formattedTime": "3 janv. 2017",
        "formattedAxisTime": "3 janv. 2017",
        "value": [
          1,
          1
        ],
        "formattedValue": [
          "1",
          "1"
        ]
      },
      {
        "time": "1483488000",
        "formattedTime": "4 janv. 2017",
        "formattedAxisTime": "4 janv. 2017",
        "value": [
          1,
          1
        ],
        "formattedValue": [
          "1",
          "1"
        ]
      },
      {
        "time": "1483574400",
        "formattedTime": "5 janv. 2017",
        "formattedAxisTime": "5 janv. 2017",
        "value": [
          0,
          0
        ],
        "formattedValue": [
          "0",
          "0"
        ]
      },
      {
        "time": "1483660800",
        "formattedTime": "6 janv. 2017",
        "formattedAxisTime": "6 janv. 2017",
        "value": [
          2,
          0
        ],
        "formattedValue": [
          "2",
          "0"
        ]
      },
      {
        "time": "1483747200",
        "formattedTime": "7 janv. 2017",
        "formattedAxisTime": "7 janv. 2017",
        "value": [
          1,
          1
        ],
        "formattedValue": [
          "1",
          "1"
        ]
      },
      {
        "time": "1483833600",
        "formattedTime": "8 janv. 2017",
        "formattedAxisTime": "8 janv. 2017",
        "value": [
          1,
          2
        ],
        "formattedValue": [
          "1",
          "2"
        ]
      },
      {
        "time": "1483920000",
        "formattedTime": "9 janv. 2017",
        "formattedAxisTime": "9 janv. 2017",
        "value": [
          1,
          1
        ],
        "formattedValue": [
          "1",
          "1"
        ]
      },
      {
        "time": "1484006400",
        "formattedTime": "10 janv. 2017",
        "formattedAxisTime": "10 janv. 2017",
        "value": [
          1,
          0
        ],
        "formattedValue": [
          "1",
          "0"
        ]
      },
      {
        "time": "1484092800",
        "formattedTime": "11 janv. 2017",
        "formattedAxisTime": "11 janv. 2017",
        "value": [
          1,
          0
        ],
        "formattedValue": [
          "1",
          "0"
        ]
      },
      {
        "time": "1484179200",
        "formattedTime": "12 janv. 2017",
        "formattedAxisTime": "12 janv. 2017",
        "value": [
          1,
          1
        ],
        "formattedValue": [
          "1",
          "1"
        ]
      },
      {
        "time": "1484265600",
        "formattedTime": "13 janv. 2017",
        "formattedAxisTime": "13 janv. 2017",
        "value": [
          2,
          1
        ],
        "formattedValue": [
          "2",
          "1"
        ]
      },
      {
        "time": "1484352000",
        "formattedTime": "14 janv. 2017",
        "formattedAxisTime": "14 janv. 2017",
        "value": [
          4,
          1
        ],
        "formattedValue": [
          "4",
          "1"
        ]
      },
      {
        "time": "1484438400",
        "formattedTime": "15 janv. 2017",
        "formattedAxisTime": "15 janv. 2017",
        "value": [
          2,
          1
        ],
        "formattedValue": [
          "2",
          "1"
        ]
      },
      {
        "time": "1484524800",
        "formattedTime": "16 janv. 2017",
        "formattedAxisTime": "16 janv. 2017",
        "value": [
          3,
          0
        ],
        "formattedValue": [
          "3",
          "0"
        ]
      },
      {
        "time": "1484611200",
        "formattedTime": "17 janv. 2017",
        "formattedAxisTime": "17 janv. 2017",
        "value": [
          3,
          1
        ],
        "formattedValue": [
          "3",
          "1"
        ]
      },
      {
        "time": "1484697600",
        "formattedTime": "18 janv. 2017",
        "formattedAxisTime": "18 janv. 2017",
        "value": [
          2,
          1
        ],
        "formattedValue": [
          "2",
          "1"
        ]
      },
      {
        "time": "1484784000",
        "formattedTime": "19 janv. 2017",
        "formattedAxisTime": "19 janv. 2017",
        "value": [
          2,
          0
        ],
        "formattedValue": [
          "2",
          "0"
        ]
      },
      {
        "time": "1484870400",
        "formattedTime": "20 janv. 2017",
        "formattedAxisTime": "20 janv. 2017",
        "value": [
          2,
          0
        ],
        "formattedValue": [
          "2",
          "0"
        ]
      },
      {
        "time": "1484956800",
        "formattedTime": "21 janv. 2017",
        "formattedAxisTime": "21 janv. 2017",
        "value": [
          3,
          0
        ],
        "formattedValue": [
          "3",
          "0"
        ]
      },
      {
        "time": "1485043200",
        "formattedTime": "22 janv. 2017",
        "formattedAxisTime": "22 janv. 2017",
        "value": [
          4,
          1
        ],
        "formattedValue": [
          "4",
          "1"
        ]
      },
      {
        "time": "1485129600",
        "formattedTime": "23 janv. 2017",
        "formattedAxisTime": "23 janv. 2017",
        "value": [
          4,
          1
        ],
        "formattedValue": [
          "4",
          "1"
        ]
      },
      {
        "time": "1485216000",
        "formattedTime": "24 janv. 2017",
        "formattedAxisTime": "24 janv. 2017",
        "value": [
          4,
          2
        ],
        "formattedValue": [
          "4",
          "2"
        ]
      },
      {
        "time": "1485302400",
        "formattedTime": "25 janv. 2017",
        "formattedAxisTime": "25 janv. 2017",
        "value": [
          5,
          1
        ],
        "formattedValue": [
          "5",
          "1"
        ]
      },
      {
        "time": "1485388800",
        "formattedTime": "26 janv. 2017",
        "formattedAxisTime": "26 janv. 2017",
        "value": [
          5,
          1
        ],
        "formattedValue": [
          "5",
          "1"
        ]
      },
      {
        "time": "1485475200",
        "formattedTime": "27 janv. 2017",
        "formattedAxisTime": "27 janv. 2017",
        "value": [
          6,
          0
        ],
        "formattedValue": [
          "6",
          "0"
        ]
      },
      {
        "time": "1485561600",
        "formattedTime": "28 janv. 2017",
        "formattedAxisTime": "28 janv. 2017",
        "value": [
          5,
          1
        ],
        "formattedValue": [
          "5",
          "1"
        ]
      },
      {
        "time": "1485648000",
        "formattedTime": "29 janv. 2017",
        "formattedAxisTime": "29 janv. 2017",
        "value": [
          6,
          2
        ],
        "formattedValue": [
          "6",
          "2"
        ]
      },
      {
        "time": "1485734400",
        "formattedTime": "30 janv. 2017",
        "formattedAxisTime": "30 janv. 2017",
        "value": [
          9,
          1
        ],
        "formattedValue": [
          "9",
          "1"
        ]
      },
      {
        "time": "1485820800",
        "formattedTime": "31 janv. 2017",
        "formattedAxisTime": "31 janv. 2017",
        "value": [
          7,
          1
        ],
        "formattedValue": [
          "7",
          "1"
        ]
      },
      {
        "time": "1485907200",
        "formattedTime": "1 févr. 2017",
        "formattedAxisTime": "1 févr. 2017",
        "value": [
          12,
          1
        ],
        "formattedValue": [
          "12",
          "1"
        ]
      },
      {
        "time": "1485993600",
        "formattedTime": "2 févr. 2017",
        "formattedAxisTime": "2 févr. 2017",
        "value": [
          12,
          1
        ],
        "formattedValue": [
          "12",
          "1"
        ]
      },
      {
        "time": "1486080000",
        "formattedTime": "3 févr. 2017",
        "formattedAxisTime": "3 févr. 2017",
        "value": [
          15,
          1
        ],
        "formattedValue": [
          "15",
          "1"
        ]
      },
      {
        "time": "1486166400",
        "formattedTime": "4 févr. 2017",
        "formattedAxisTime": "4 févr. 2017",
        "value": [
          19,
          0
        ],
        "formattedValue": [
          "19",
          "0"
        ]
      },
      {
        "time": "1486252800",
        "formattedTime": "5 févr. 2017",
        "formattedAxisTime": "5 févr. 2017",
        "value": [
          15,
          1
        ],
        "formattedValue": [
          "15",
          "1"
        ]
      },
      {
        "time": "1486339200",
        "formattedTime": "6 févr. 2017",
        "formattedAxisTime": "6 févr. 2017",
        "value": [
          19,
          1
        ],
        "formattedValue": [
          "19",
          "1"
        ]
      },
      {
        "time": "1486425600",
        "formattedTime": "7 févr. 2017",
        "formattedAxisTime": "7 févr. 2017",
        "value": [
          100,
          1
        ],
        "formattedValue": [
          "100",
          "1"
        ]
      },
      {
        "time": "1486512000",
        "formattedTime": "8 févr. 2017",
        "formattedAxisTime": "8 févr. 2017",
        "value": [
          59,
          1
        ],
        "formattedValue": [
          "59",
          "1"
        ]
      },
      {
        "time": "1486598400",
        "formattedTime": "9 févr. 2017",
        "formattedAxisTime": "9 févr. 2017",
        "value": [
          26,
          1
        ],
        "formattedValue": [
          "26",
          "1"
        ]
      },
      {
        "time": "1486684800",
        "formattedTime": "10 févr. 2017",
        "formattedAxisTime": "10 févr. 2017",
        "value": [
          16,
          0
        ],
        "formattedValue": [
          "16",
          "0"
        ]
      },
      {
        "time": "1486771200",
        "formattedTime": "11 févr. 2017",
        "formattedAxisTime": "11 févr. 2017",
        "value": [
          12,
          1
        ],
        "formattedValue": [
          "12",
          "1"
        ]
      },
      {
        "time": "1486857600",
        "formattedTime": "12 févr. 2017",
        "formattedAxisTime": "12 févr. 2017",
        "value": [
          12,
          0
        ],
        "formattedValue": [
          "12",
          "0"
        ]
      },
      {
        "time": "1486944000",
        "formattedTime": "13 févr. 2017",
        "formattedAxisTime": "13 févr. 2017",
        "value": [
          8,
          1
        ],
        "formattedValue": [
          "8",
          "1"
        ]
      },
      {
        "time": "1487030400",
        "formattedTime": "14 févr. 2017",
        "formattedAxisTime": "14 févr. 2017",
        "value": [
          5,
          1
        ],
        "formattedValue": [
          "5",
          "1"
        ]
      },
      {
        "time": "1487116800",
        "formattedTime": "15 févr. 2017",
        "formattedAxisTime": "15 févr. 2017",
        "value": [
          4,
          1
        ],
        "formattedValue": [
          "4",
          "1"
        ]
      },
      {
        "time": "1487203200",
        "formattedTime": "16 févr. 2017",
        "formattedAxisTime": "16 févr. 2017",
        "value": [
          3,
          1
        ],
        "formattedValue": [
          "3",
          "1"
        ]
      },
      {
        "time": "1487289600",
        "formattedTime": "17 févr. 2017",
        "formattedAxisTime": "17 févr. 2017",
        "value": [
          3,
          0
        ],
        "formattedValue": [
          "3",
          "0"
        ]
      },
      {
        "time": "1487376000",
        "formattedTime": "18 févr. 2017",
        "formattedAxisTime": "18 févr. 2017",
        "value": [
          2,
          0
        ],
        "formattedValue": [
          "2",
          "0"
        ],
        "isPartial": true
      },
      {
        "time": "1487462400",
        "formattedTime": "19 févr. 2017",
        "formattedAxisTime": "19 févr. 2017",
        "value": [
          2,
          1
        ],
        "formattedValue": [
          "2",
          "1"
        ]
      },
      {
        "time": "1487548800",
        "formattedTime": "20 févr. 2017",
        "formattedAxisTime": "20 févr. 2017",
        "value": [
          2,
          1
        ],
        "formattedValue": [
          "2",
          "1"
        ]
      },
      {
        "time": "1487635200",
        "formattedTime": "21 févr. 2017",
        "formattedAxisTime": "21 févr. 2017",
        "value": [
          2,
          0
        ],
        "formattedValue": [
          "2",
          "0"
        ]
      },
      {
        "time": "1487721600",
        "formattedTime": "22 févr. 2017",
        "formattedAxisTime": "22 févr. 2017",
        "value": [
          2,
          1
        ],
        "formattedValue": [
          "2",
          "1"
        ]
      },
      {
        "time": "1487808000",
        "formattedTime": "23 févr. 2017",
        "formattedAxisTime": "23 févr. 2017",
        "value": [
          1,
          1
        ],
        "formattedValue": [
          "1",
          "1"
        ]
      },
      {
        "time": "1487894400",
        "formattedTime": "24 févr. 2017",
        "formattedAxisTime": "24 févr. 2017",
        "value": [
          2,
          2
        ],
        "formattedValue": [
          "2",
          "2"
        ]
      },
      {
        "time": "1487980800",
        "formattedTime": "25 févr. 2017",
        "formattedAxisTime": "25 févr. 2017",
        "value": [
          2,
          1
        ],
        "formattedValue": [
          "2",
          "1"
        ]
      },
      {
        "time": "1488067200",
        "formattedTime": "26 févr. 2017",
        "formattedAxisTime": "26 févr. 2017",
        "value": [
          4,
          1
        ],
        "formattedValue": [
          "4",
          "1"
        ]
      },
      {
        "time": "1488153600",
        "formattedTime": "27 févr. 2017",
        "formattedAxisTime": "27 févr. 2017",
        "value": [
          3,
          0
        ],
        "formattedValue": [
          "3",
          "0"
        ]
      },
      {
        "time": "1488240000",
        "formattedTime": "28 févr. 2017",
        "formattedAxisTime": "28 févr. 2017",
        "value": [
          3,
          0
        ],
        "formattedValue": [
          "3",
          "0"
        ]
      },
      {
        "time": "1488326400",
        "formattedTime": "1 mars 2017",
        "formattedAxisTime": "1 mars 2017",
        "value": [
          3,
          0
        ],
        "formattedValue": [
          "3",
          "0"
        ]
      },
      {
        "time": "1488412800",
        "formattedTime": "2 mars 2017",
        "formattedAxisTime": "2 mars 2017",
        "value": [
          3,
          2
        ],
        "formattedValue": [
          "3",
          "2"
        ]
      },
      {
        "time": "1488499200",
        "formattedTime": "3 mars 2017",
        "formattedAxisTime": "3 mars 2017",
        "value": [
          2,
          1
        ],
        "formattedValue": [
          "2",
          "1"
        ]
      },
      {
        "time": "1488585600",
        "formattedTime": "4 mars 2017",
        "formattedAxisTime": "4 mars 2017",
        "value": [
          3,
          1
        ],
        "formattedValue": [
          "3",
          "1"
        ]
      },
      {
        "time": "1488672000",
        "formattedTime": "5 mars 2017",
        "formattedAxisTime": "5 mars 2017",
        "value": [
          3,
          1
        ],
        "formattedValue": [
          "3",
          "1"
        ]
      },
      {
        "time": "1488758400",
        "formattedTime": "6 mars 2017",
        "formattedAxisTime": "6 mars 2017",
        "value": [
          2,
          1
        ],
        "formattedValue": [
          "2",
          "1"
        ]
      },
      {
        "time": "1488844800",
        "formattedTime": "7 mars 2017",
        "formattedAxisTime": "7 mars 2017",
        "value": [
          1,
          1
        ],
        "formattedValue": [
          "1",
          "1"
        ]
      },
      {
        "time": "1488931200",
        "formattedTime": "8 mars 2017",
        "formattedAxisTime": "8 mars 2017",
        "value": [
          2,
          1
        ],
        "formattedValue": [
          "2",
          "1"
        ]
      },
      {
        "time": "1489017600",
        "formattedTime": "9 mars 2017",
        "formattedAxisTime": "9 mars 2017",
        "value": [
          2,
          1
        ],
        "formattedValue": [
          "2",
          "1"
        ]
      },
      {
        "time": "1489104000",
        "formattedTime": "10 mars 2017",
        "formattedAxisTime": "10 mars 2017",
        "value": [
          2,
          0
        ],
        "formattedValue": [
          "2",
          "0"
        ]
      },
      {
        "time": "1489190400",
        "formattedTime": "11 mars 2017",
        "formattedAxisTime": "11 mars 2017",
        "value": [
          2,
          1
        ],
        "formattedValue": [
          "2",
          "1"
        ]
      },
      {
        "time": "1489276800",
        "formattedTime": "12 mars 2017",
        "formattedAxisTime": "12 mars 2017",
        "value": [
          3,
          2
        ],
        "formattedValue": [
          "3",
          "2"
        ]
      },
      {
        "time": "1489363200",
        "formattedTime": "13 mars 2017",
        "formattedAxisTime": "13 mars 2017",
        "value": [
          3,
          0
        ],
        "formattedValue": [
          "3",
          "0"
        ]
      },
      {
        "time": "1489449600",
        "formattedTime": "14 mars 2017",
        "formattedAxisTime": "14 mars 2017",
        "value": [
          3,
          1
        ],
        "formattedValue": [
          "3",
          "1"
        ]
      },
      {
        "time": "1489536000",
        "formattedTime": "15 mars 2017",
        "formattedAxisTime": "15 mars 2017",
        "value": [
          2,
          1
        ],
        "formattedValue": [
          "2",
          "1"
        ]
      },
      {
        "time": "1489622400",
        "formattedTime": "16 mars 2017",
        "formattedAxisTime": "16 mars 2017",
        "value": [
          1,
          1
        ],
        "formattedValue": [
          "1",
          "1"
        ]
      },
      {
        "time": "1489708800",
        "formattedTime": "17 mars 2017",
        "formattedAxisTime": "17 mars 2017",
        "value": [
          1,
          0
        ],
        "formattedValue": [
          "1",
          "0"
        ],
        "isPartial": true
      },
      {
        "time": "1489795200",
        "formattedTime": "18 mars 2017",
        "formattedAxisTime": "18 mars 2017",
        "value": [
          2,
          1
        ],
        "formattedValue": [
          "2",
          "1"
        ]
      },
      {
        "time": "1489881600",
        "formattedTime": "19 mars 2017",
        "formattedAxisTime": "19 mars 2017",
        "value": [
          2,
          1
        ],
        "formattedValue": [
          "2",
          "1"
        ]
      },
      {
        "time": "1489968000",
        "formattedTime": "20 mars 2017",
        "formattedAxisTime": "20 mars 2017",
        "value": [
          4,
          1
        ],
        "formattedValue": [
          "4",
          "1"
        ]
      },
      {
        "time": "1490054400",
        "formattedTime": "21 mars 2017",
        "formattedAxisTime": "21 mars 2017",
        "value": [
          2,
          1
        ],
        "formattedValue": [
          "2",
          "1"
        ]
      },
      {
        "time": "1490140800",
        "formattedTime": "22 mars 2017",
        "formattedAxisTime": "22 mars 2017",
        "value": [
          2,
          1
        ],
        "formattedValue": [
          "2",
          "1"
        ]
      },
      {
        "time": "1490227200",
        "formattedTime": "23 mars 2017",
        "formattedAxisTime": "23 mars 2017",
        "value": [
          4,
          1
        ],
        "formattedValue": [
          "4",
          "1"
        ]
      },
      {
        "time": "1490313600",
        "formattedTime": "24 mars 2017",
        "formattedAxisTime": "24 mars 2017",
        "value": [
          3,
          1
        ],
        "formattedValue": [
          "3",
          "1"
        ]
      },
      {
        "time": "1490400000",
        "formattedTime": "25 mars 2017",
        "formattedAxisTime": "25 mars 2017",
        "value": [
          2,
          1
        ],
        "formattedValue": [
          "2",
          "1"
        ]
      },
      {
        "time": "1490486400",
        "formattedTime": "26 mars 2017",
        "formattedAxisTime": "26 mars 2017",
        "value": [
          1,
          1
        ],
        "formattedValue": [
          "1",
          "1"
        ]
      },
      {
        "time": "1490572800",
        "formattedTime": "27 mars 2017",
        "formattedAxisTime": "27 mars 2017",
        "value": [
          2,
          1
        ],
        "formattedValue": [
          "2",
          "1"
        ]
      },
      {
        "time": "1490659200",
        "formattedTime": "28 mars 2017",
        "formattedAxisTime": "28 mars 2017",
        "value": [
          3,
          1
        ],
        "formattedValue": [
          "3",
          "1"
        ]
      },
      {
        "time": "1490745600",
        "formattedTime": "29 mars 2017",
        "formattedAxisTime": "29 mars 2017",
        "value": [
          1,
          1
        ],
        "formattedValue": [
          "1",
          "1"
        ]
      },
      {
        "time": "1490832000",
        "formattedTime": "30 mars 2017",
        "formattedAxisTime": "30 mars 2017",
        "value": [
          2,
          1
        ],
        "formattedValue": [
          "2",
          "1"
        ]
      },
      {
        "time": "1490918400",
        "formattedTime": "31 mars 2017",
        "formattedAxisTime": "31 mars 2017",
        "value": [
          2,
          1
        ],
        "formattedValue": [
          "2",
          "1"
        ]
      },
      {
        "time": "1491004800",
        "formattedTime": "1 avr. 2017",
        "formattedAxisTime": "1 avr. 2017",
        "value": [
          2,
          0
        ],
        "formattedValue": [
          "2",
          "0"
        ]
      },
      {
        "time": "1491091200",
        "formattedTime": "2 avr. 2017",
        "formattedAxisTime": "2 avr. 2017",
        "value": [
          2,
          0
        ],
        "formattedValue": [
          "2",
          "0"
        ]
      },
      {
        "time": "1491177600",
        "formattedTime": "3 avr. 2017",
        "formattedAxisTime": "3 avr. 2017",
        "value": [
          3,
          1
        ],
        "formattedValue": [
          "3",
          "1"
        ]
      },
      {
        "time": "1491264000",
        "formattedTime": "4 avr. 2017",
        "formattedAxisTime": "4 avr. 2017",
        "value": [
          3,
          1
        ],
        "formattedValue": [
          "3",
          "1"
        ]
      },
      {
        "time": "1491350400",
        "formattedTime": "5 avr. 2017",
        "formattedAxisTime": "5 avr. 2017",
        "value": [
          1,
          1
        ],
        "formattedValue": [
          "1",
          "1"
        ]
      },
      {
        "time": "1491436800",
        "formattedTime": "6 avr. 2017",
        "formattedAxisTime": "6 avr. 2017",
        "value": [
          2,
          1
        ],
        "formattedValue": [
          "2",
          "1"
        ]
      },
      {
        "time": "1491523200",
        "formattedTime": "7 avr. 2017",
        "formattedAxisTime": "7 avr. 2017",
        "value": [
          2,
          0
        ],
        "formattedValue": [
          "2",
          "0"
        ]
      },
      {
        "time": "1491609600",
        "formattedTime": "8 avr. 2017",
        "formattedAxisTime": "8 avr. 2017",
        "value": [
          0,
          0
        ],
        "formattedValue": [
          "0",
          "0"
        ]
      },
      {
        "time": "1491696000",
        "formattedTime": "9 avr. 2017",
        "formattedAxisTime": "9 avr. 2017",
        "value": [
          3,
          1
        ],
        "formattedValue": [
          "3",
          "1"
        ]
      },
      {
        "time": "1491782400",
        "formattedTime": "10 avr. 2017",
        "formattedAxisTime": "10 avr. 2017",
        "value": [
          2,
          0
        ],
        "formattedValue": [
          "2",
          "0"
        ],
        "isPartial": true
      },
      {
        "time": "1491868800",
        "formattedTime": "11 avr. 2017",
        "formattedAxisTime": "11 avr. 2017",
        "value": [
          1,
          1
        ],
        "formattedValue": [
          "1",
          "1"
        ]
      },
      {
        "time": "1491955200",
        "formattedTime": "12 avr. 2017",
        "formattedAxisTime": "12 avr. 2017",
        "value": [
          0,
          1
        ],
        "formattedValue": [
          "0",
          "1"
        ]
      },
      {
        "time": "1492041600",
        "formattedTime": "13 avr. 2017",
        "formattedAxisTime": "13 avr. 2017",
        "value": [
          2,
          1
        ],
        "formattedValue": [
          "2",
          "1"
        ]
      },
      {
        "time": "1492128000",
        "formattedTime": "14 avr. 2017",
        "formattedAxisTime": "14 avr. 2017",
        "value": [
          2,
          0
        ],
        "formattedValue": [
          "2",
          "0"
        ],
        "isPartial": true
      },
      {
        "time": "1492214400",
        "formattedTime": "15 avr. 2017",
        "formattedAxisTime": "15 avr. 2017",
        "value": [
          4,
          0
        ],
        "formattedValue": [
          "4",
          "0"
        ],
        "isPartial": true
      },
      {
        "time": "1492300800",
        "formattedTime": "16 avr. 2017",
        "formattedAxisTime": "16 avr. 2017",
        "value": [
          1,
          0
        ],
        "formattedValue": [
          "1",
          "0"
        ]
      },
      {
        "time": "1492387200",
        "formattedTime": "17 avr. 2017",
        "formattedAxisTime": "17 avr. 2017",
        "value": [
          3,
          0
        ],
        "formattedValue": [
          "3",
          "0"
        ]
      },
      {
        "time": "1492473600",
        "formattedTime": "18 avr. 2017",
        "formattedAxisTime": "18 avr. 2017",
        "value": [
          3,
          0
        ],
        "formattedValue": [
          "3",
          "0"
        ]
      },
      {
        "time": "1492560000",
        "formattedTime": "19 avr. 2017",
        "formattedAxisTime": "19 avr. 2017",
        "value": [
          2,
          0
        ],
        "formattedValue": [
          "2",
          "0"
        ],
        "isPartial": true
      },
      {
        "time": "1492646400",
        "formattedTime": "20 avr. 2017",
        "formattedAxisTime": "20 avr. 2017",
        "value": [
          2,
          1
        ],
        "formattedValue": [
          "2",
          "1"
        ]
      },
      {
        "time": "1492732800",
        "formattedTime": "21 avr. 2017",
        "formattedAxisTime": "21 avr. 2017",
        "value": [
          3,
          0
        ],
        "formattedValue": [
          "3",
          "0"
        ]
      },
      {
        "time": "1492819200",
        "formattedTime": "22 avr. 2017",
        "formattedAxisTime": "22 avr. 2017",
        "value": [
          3,
          1
        ],
        "formattedValue": [
          "3",
          "1"
        ]
      },
      {
        "time": "1492905600",
        "formattedTime": "23 avr. 2017",
        "formattedAxisTime": "23 avr. 2017",
        "value": [
          15,
          1
        ],
        "formattedValue": [
          "15",
          "1"
        ]
      },
      {
        "time": "1492992000",
        "formattedTime": "24 avr. 2017",
        "formattedAxisTime": "24 avr. 2017",
        "value": [
          14,
          1
        ],
        "formattedValue": [
          "14",
          "1"
        ]
      },
      {
        "time": "1493078400",
        "formattedTime": "25 avr. 2017",
        "formattedAxisTime": "25 avr. 2017",
        "value": [
          12,
          0
        ],
        "formattedValue": [
          "12",
          "0"
        ]
      },
      {
        "time": "1493164800",
        "formattedTime": "26 avr. 2017",
        "formattedAxisTime": "26 avr. 2017",
        "value": [
          10,
          0
        ],
        "formattedValue": [
          "10",
          "0"
        ],
        "isPartial": true
      },
      {
        "time": "1493251200",
        "formattedTime": "27 avr. 2017",
        "formattedAxisTime": "27 avr. 2017",
        "value": [
          12,
          1
        ],
        "formattedValue": [
          "12",
          "1"
        ]
      },
      {
        "time": "1493337600",
        "formattedTime": "28 avr. 2017",
        "formattedAxisTime": "28 avr. 2017",
        "value": [
          10,
          0
        ],
        "formattedValue": [
          "10",
          "0"
        ]
      },
      {
        "time": "1493424000",
        "formattedTime": "29 avr. 2017",
        "formattedAxisTime": "29 avr. 2017",
        "value": [
          8,
          0
        ],
        "formattedValue": [
          "8",
          "0"
        ]
      },
      {
        "time": "1493510400",
        "formattedTime": "30 avr. 2017",
        "formattedAxisTime": "30 avr. 2017",
        "value": [
          7,
          0
        ],
        "formattedValue": [
          "7",
          "0"
        ]
      },
      {
        "time": "1493596800",
        "formattedTime": "1 mai 2017",
        "formattedAxisTime": "1 mai 2017",
        "value": [
          10,
          1
        ],
        "formattedValue": [
          "10",
          "1"
        ]
      },
      {
        "time": "1493683200",
        "formattedTime": "2 mai 2017",
        "formattedAxisTime": "2 mai 2017",
        "value": [
          9,
          1
        ],
        "formattedValue": [
          "9",
          "1"
        ]
      },
      {
        "time": "1493769600",
        "formattedTime": "3 mai 2017",
        "formattedAxisTime": "3 mai 2017",
        "value": [
          11,
          1
        ],
        "formattedValue": [
          "11",
          "1"
        ]
      },
      {
        "time": "1493856000",
        "formattedTime": "4 mai 2017",
        "formattedAxisTime": "4 mai 2017",
        "value": [
          8,
          1
        ],
        "formattedValue": [
          "8",
          "1"
        ]
      },
      {
        "time": "1493942400",
        "formattedTime": "5 mai 2017",
        "formattedAxisTime": "5 mai 2017",
        "value": [
          8,
          1
        ],
        "formattedValue": [
          "8",
          "1"
        ]
      },
      {
        "time": "1494028800",
        "formattedTime": "6 mai 2017",
        "formattedAxisTime": "6 mai 2017",
        "value": [
          9,
          0
        ],
        "formattedValue": [
          "9",
          "0"
        ],
        "isPartial": true
      },
      {
        "time": "1494115200",
        "formattedTime": "7 mai 2017",
        "formattedAxisTime": "7 mai 2017",
        "value": [
          17,
          2
        ],
        "formattedValue": [
          "17",
          "2"
        ]
      },
      {
        "time": "1494201600",
        "formattedTime": "8 mai 2017",
        "formattedAxisTime": "8 mai 2017",
        "value": [
          35,
          0
        ],
        "formattedValue": [
          "35",
          "0"
        ]
      },
      {
        "time": "1494288000",
        "formattedTime": "9 mai 2017",
        "formattedAxisTime": "9 mai 2017",
        "value": [
          15,
          1
        ],
        "formattedValue": [
          "15",
          "1"
        ]
      },
      {
        "time": "1494374400",
        "formattedTime": "10 mai 2017",
        "formattedAxisTime": "10 mai 2017",
        "value": [
          9,
          1
        ],
        "formattedValue": [
          "9",
          "1"
        ]
      },
      {
        "time": "1494460800",
        "formattedTime": "11 mai 2017",
        "formattedAxisTime": "11 mai 2017",
        "value": [
          6,
          1
        ],
        "formattedValue": [
          "6",
          "1"
        ]
      },
      {
        "time": "1494547200",
        "formattedTime": "12 mai 2017",
        "formattedAxisTime": "12 mai 2017",
        "value": [
          6,
          1
        ],
        "formattedValue": [
          "6",
          "1"
        ]
      },
      {
        "time": "1494633600",
        "formattedTime": "13 mai 2017",
        "formattedAxisTime": "13 mai 2017",
        "value": [
          5,
          0
        ],
        "formattedValue": [
          "5",
          "0"
        ],
        "isPartial": true
      },
      {
        "time": "1494720000",
        "formattedTime": "14 mai 2017",
        "formattedAxisTime": "14 mai 2017",
        "value": [
          10,
          0
        ],
        "formattedValue": [
          "10",
          "0"
        ]
      },
      {
        "time": "1494806400",
        "formattedTime": "15 mai 2017",
        "formattedAxisTime": "15 mai 2017",
        "value": [
          5,
          0
        ],
        "formattedValue": [
          "5",
          "0"
        ]
      },
      {
        "time": "1494892800",
        "formattedTime": "16 mai 2017",
        "formattedAxisTime": "16 mai 2017",
        "value": [
          4,
          0
        ],
        "formattedValue": [
          "4",
          "0"
        ]
      },
      {
        "time": "1494979200",
        "formattedTime": "17 mai 2017",
        "formattedAxisTime": "17 mai 2017",
        "value": [
          3,
          0
        ],
        "formattedValue": [
          "3",
          "0"
        ]
      },
      {
        "time": "1495065600",
        "formattedTime": "18 mai 2017",
        "formattedAxisTime": "18 mai 2017",
        "value": [
          1,
          1
        ],
        "formattedValue": [
          "1",
          "1"
        ]
      },
      {
        "time": "1495152000",
        "formattedTime": "19 mai 2017",
        "formattedAxisTime": "19 mai 2017",
        "value": [
          2,
          1
        ],
        "formattedValue": [
          "2",
          "1"
        ]
      },
      {
        "time": "1495238400",
        "formattedTime": "20 mai 2017",
        "formattedAxisTime": "20 mai 2017",
        "value": [
          0,
          0
        ],
        "formattedValue": [
          "0",
          "0"
        ]
      },
      {
        "time": "1495324800",
        "formattedTime": "21 mai 2017",
        "formattedAxisTime": "21 mai 2017",
        "value": [
          1,
          0
        ],
        "formattedValue": [
          "1",
          "0"
        ],
        "isPartial": true
      },
      {
        "time": "1495411200",
        "formattedTime": "22 mai 2017",
        "formattedAxisTime": "22 mai 2017",
        "value": [
          1,
          0
        ],
        "formattedValue": [
          "1",
          "0"
        ],
        "isPartial": true
      },
      {
        "time": "1495497600",
        "formattedTime": "23 mai 2017",
        "formattedAxisTime": "23 mai 2017",
        "value": [
          1,
          1
        ],
        "formattedValue": [
          "1",
          "1"
        ]
      },
      {
        "time": "1495584000",
        "formattedTime": "24 mai 2017",
        "formattedAxisTime": "24 mai 2017",
        "value": [
          0,
          0
        ],
        "formattedValue": [
          "0",
          "0"
        ],
        "isPartial": true
      },
      {
        "time": "1495670400",
        "formattedTime": "25 mai 2017",
        "formattedAxisTime": "25 mai 2017",
        "value": [
          2,
          0
        ],
        "formattedValue": [
          "2",
          "0"
        ]
      },
      {
        "time": "1495756800",
        "formattedTime": "26 mai 2017",
        "formattedAxisTime": "26 mai 2017",
        "value": [
          2,
          0
        ],
        "formattedValue": [
          "2",
          "0"
        ]
      },
      {
        "time": "1495843200",
        "formattedTime": "27 mai 2017",
        "formattedAxisTime": "27 mai 2017",
        "value": [
          2,
          0
        ],
        "formattedValue": [
          "2",
          "0"
        ]
      },
      {
        "time": "1495929600",
        "formattedTime": "28 mai 2017",
        "formattedAxisTime": "28 mai 2017",
        "value": [
          1,
          0
        ],
        "formattedValue": [
          "1",
          "0"
        ]
      },
      {
        "time": "1496016000",
        "formattedTime": "29 mai 2017",
        "formattedAxisTime": "29 mai 2017",
        "value": [
          1,
          1
        ],
        "formattedValue": [
          "1",
          "1"
        ]
      },
      {
        "time": "1496102400",
        "formattedTime": "30 mai 2017",
        "formattedAxisTime": "30 mai 2017",
        "value": [
          1,
          0
        ],
        "formattedValue": [
          "1",
          "0"
        ]
      },
      {
        "time": "1496188800",
        "formattedTime": "31 mai 2017",
        "formattedAxisTime": "31 mai 2017",
        "value": [
          0,
          1
        ],
        "formattedValue": [
          "0",
          "1"
        ]
      },
      {
        "time": "1496275200",
        "formattedTime": "1 juin 2017",
        "formattedAxisTime": "1 juin 2017",
        "value": [
          0,
          1
        ],
        "formattedValue": [
          "0",
          "1"
        ]
      },
      {
        "time": "1496361600",
        "formattedTime": "2 juin 2017",
        "formattedAxisTime": "2 juin 2017",
        "value": [
          0,
          0
        ],
        "formattedValue": [
          "0",
          "0"
        ]
      },
      {
        "time": "1496448000",
        "formattedTime": "3 juin 2017",
        "formattedAxisTime": "3 juin 2017",
        "value": [
          1,
          0
        ],
        "formattedValue": [
          "1",
          "0"
        ],
        "isPartial": true
      },
      {
        "time": "1496534400",
        "formattedTime": "4 juin 2017",
        "formattedAxisTime": "4 juin 2017",
        "value": [
          1,
          0
        ],
        "formattedValue": [
          "1",
          "0"
        ]
      },
      {
        "time": "1496620800",
        "formattedTime": "5 juin 2017",
        "formattedAxisTime": "5 juin 2017",
        "value": [
          2,
          0
        ],
        "formattedValue": [
          "2",
          "0"
        ]
      },
      {
        "time": "1496707200",
        "formattedTime": "6 juin 2017",
        "formattedAxisTime": "6 juin 2017",
        "value": [
          1,
          0
        ],
        "formattedValue": [
          "1",
          "0"
        ],
        "isPartial": true
      },
      {
        "time": "1496793600",
        "formattedTime": "7 juin 2017",
        "formattedAxisTime": "7 juin 2017",
        "value": [
          1,
          0
        ],
        "formattedValue": [
          "1",
          "0"
        ]
      },
      {
        "time": "1496880000",
        "formattedTime": "8 juin 2017",
        "formattedAxisTime": "8 juin 2017",
        "value": [
          0,
          0
        ],
        "formattedValue": [
          "0",
          "0"
        ]
      },
      {
        "time": "1496966400",
        "formattedTime": "9 juin 2017",
        "formattedAxisTime": "9 juin 2017",
        "value": [
          0,
          1
        ],
        "formattedValue": [
          "0",
          "1"
        ],
        "isPartial": true
      },
      {
        "time": "1497052800",
        "formattedTime": "10 juin 2017",
        "formattedAxisTime": "10 juin 2017",
        "value": [
          1,
          0
        ],
        "formattedValue": [
          "1",
          "0"
        ]
      },
      {
        "time": "1497139200",
        "formattedTime": "11 juin 2017",
        "formattedAxisTime": "11 juin 2017",
        "value": [
          1,
          0
        ],
        "formattedValue": [
          "1",
          "0"
        ]
      },
      {
        "time": "1497225600",
        "formattedTime": "12 juin 2017",
        "formattedAxisTime": "12 juin 2017",
        "value": [
          1,
          0
        ],
        "formattedValue": [
          "1",
          "0"
        ]
      },
      {
        "time": "1497312000",
        "formattedTime": "13 juin 2017",
        "formattedAxisTime": "13 juin 2017",
        "value": [
          1,
          1
        ],
        "formattedValue": [
          "1",
          "1"
        ]
      },
      {
        "time": "1497398400",
        "formattedTime": "14 juin 2017",
        "formattedAxisTime": "14 juin 2017",
        "value": [
          1,
          0
        ],
        "formattedValue": [
          "1",
          "0"
        ],
        "isPartial": true
      },
      {
        "time": "1497484800",
        "formattedTime": "15 juin 2017",
        "formattedAxisTime": "15 juin 2017",
        "value": [
          1,
          0
        ],
        "formattedValue": [
          "1",
          "0"
        ]
      },
      {
        "time": "1497571200",
        "formattedTime": "16 juin 2017",
        "formattedAxisTime": "16 juin 2017",
        "value": [
          0,
          1
        ],
        "formattedValue": [
          "0",
          "1"
        ]
      },
      {
        "time": "1497657600",
        "formattedTime": "17 juin 2017",
        "formattedAxisTime": "17 juin 2017",
        "value": [
          1,
          0
        ],
        "formattedValue": [
          "1",
          "0"
        ],
        "isPartial": true
      },
      {
        "time": "1497744000",
        "formattedTime": "18 juin 2017",
        "formattedAxisTime": "18 juin 2017",
        "value": [
          2,
          0
        ],
        "formattedValue": [
          "2",
          "0"
        ],
        "isPartial": true
      },
      {
        "time": "1497830400",
        "formattedTime": "19 juin 2017",
        "formattedAxisTime": "19 juin 2017",
        "value": [
          1,
          0
        ],
        "formattedValue": [
          "1",
          "0"
        ]
      },
      {
        "time": "1497916800",
        "formattedTime": "20 juin 2017",
        "formattedAxisTime": "20 juin 2017",
        "value": [
          1,
          1
        ],
        "formattedValue": [
          "1",
          "1"
        ]
      },
      {
        "time": "1498003200",
        "formattedTime": "21 juin 2017",
        "formattedAxisTime": "21 juin 2017",
        "value": [
          2,
          0
        ],
        "formattedValue": [
          "2",
          "0"
        ]
      },
      {
        "time": "1498089600",
        "formattedTime": "22 juin 2017",
        "formattedAxisTime": "22 juin 2017",
        "value": [
          1,
          0
        ],
        "formattedValue": [
          "1",
          "0"
        ]
      },
      {
        "time": "1498176000",
        "formattedTime": "23 juin 2017",
        "formattedAxisTime": "23 juin 2017",
        "value": [
          1,
          0
        ],
        "formattedValue": [
          "1",
          "0"
        ],
        "isPartial": true
      },
      {
        "time": "1498262400",
        "formattedTime": "24 juin 2017",
        "formattedAxisTime": "24 juin 2017",
        "value": [
          1,
          0
        ],
        "formattedValue": [
          "1",
          "0"
        ],
        "isPartial": true
      },
      {
        "time": "1498348800",
        "formattedTime": "25 juin 2017",
        "formattedAxisTime": "25 juin 2017",
        "value": [
          2,
          0
        ],
        "formattedValue": [
          "2",
          "0"
        ],
        "isPartial": true
      },
      {
        "time": "1498435200",
        "formattedTime": "26 juin 2017",
        "formattedAxisTime": "26 juin 2017",
        "value": [
          2,
          1
        ],
        "formattedValue": [
          "2",
          "1"
        ]
      },
      {
        "time": "1498521600",
        "formattedTime": "27 juin 2017",
        "formattedAxisTime": "27 juin 2017",
        "value": [
          0,
          0
        ],
        "formattedValue": [
          "0",
          "0"
        ],
        "isPartial": true
      },
      {
        "time": "1498608000",
        "formattedTime": "28 juin 2017",
        "formattedAxisTime": "28 juin 2017",
        "value": [
          1,
          1
        ],
        "formattedValue": [
          "1",
          "1"
        ]
      }
    ],
    "averages": [
      5,
      1
    ]
  },
  "keyword": "macron gallet",
  "region": "France",
  "regionId": "FR"
}